copy_id,driver1_lap_10,driver2_lap_10,driver3_lap_10,driver4_lap_10,driver5_lap_10,driver6_lap_10,driver7_lap_10,driver8_lap_10,driver9_lap_10,driver10_lap_10,driver11_lap_10,driver12_lap_10,driver13_lap_10,driver14_lap_10,driver15_lap_10,driver16_lap_10,driver17_lap_10,driver18_lap_10,driver19_lap_10,driver20_lap_10,driver21_lap_10,driver22_lap_10,driver23_lap_10,driver24_lap_10
1000_1,7,18,0,17,0,12,14,0,8,2,15,16,10,4,9,0,6,11,0,3,1,0,5,13
1000_2,14,0,3,17,0,16,18,10,4,0,15,11,0,12,8,1,5,0,0,6,2,13,7,9
1001_1,5,15,0,14,0,1,8,0,0,3,7,0,16,6,12,0,13,9,0,4,2,0,10,11
1001_2,8,0,4,14,0,0,15,16,6,0,7,9,0,1,0,2,10,0,0,13,3,11,5,12
1001_3,0,2,0,7,14,0,4,11,13,16,15,12,0,1,6,9,0,0,0,5,0,8,10,3
1002_1,6,3,0,8,0,1,7,0,14,18,13,9,15,11,10,0,17,4,0,5,2,0,12,16
1002_2,7,0,5,8,0,9,3,15,11,0,13,4,0,1,14,2,12,0,0,17,18,16,6,10
1002_3,0,2,0,13,8,14,5,16,17,15,3,10,9,1,11,4,0,0,0,6,0,7,12,18
1004_1,5,11,0,8,0,16,14,0,6,1,7,17,15,4,10,0,13,9,0,3,2,0,18,12
1004_2,14,0,3,8,0,17,11,15,4,0,7,9,0,16,6,2,18,0,0,13,1,12,5,10
1005_2,9,16,18,14,0,15,3,5,4,0,7,8,0,12,11,1,6,0,0,17,2,19,10,13
1005_3,0,1,0,7,14,11,18,19,17,5,3,13,15,12,4,8,0,0,16,10,0,9,6,2
1006_2,14,0,5,12,0,0,13,9,6,0,10,15,0,1,11,2,16,0,0,7,4,17,8,3
1006_3,0,2,0,10,12,11,5,17,7,9,13,3,0,1,6,15,0,0,0,8,0,14,16,4
1007_1,7,1,0,14,0,6,18,0,17,12,3,9,8,4,11,15,10,5,0,16,2,0,19,13
1007_2,18,15,16,14,0,9,1,8,4,0,3,5,0,6,17,2,19,0,0,10,12,13,7,11
1007_3,0,2,0,3,14,17,16,13,10,8,1,11,9,6,4,5,0,0,15,7,0,18,19,12
1008_1,2,14,0,16,0,15,20,0,9,3,11,17,8,4,13,7,10,6,18,5,1,0,19,12
1008_2,20,7,5,16,0,17,14,8,4,18,11,6,0,15,9,1,19,0,0,10,3,12,2,13
1008_3,0,1,0,11,16,9,5,12,10,8,14,13,17,15,4,6,0,18,7,2,0,20,19,3
1009_1,15,9,0,10,0,11,14,0,12,8,1,16,7,2,3,0,4,13,0,17,5,0,18,6
1009_2,14,0,17,10,0,16,9,7,2,0,1,13,0,11,12,5,18,0,0,4,8,6,15,3
1009_3,0,5,0,1,10,12,17,6,4,7,9,3,16,11,2,13,0,0,0,15,0,14,18,8
100_2,12,20,6,11,0,19,10,9,1,17,4,8,0,16,14,15,18,0,0,13,2,5,3,7
100_3,0,15,0,4,11,14,6,5,13,9,10,7,19,16,1,8,0,17,20,3,0,12,18,2
1010_1,4,14,0,15,0,9,16,0,10,1,12,17,7,19,8,11,6,18,0,3,2,0,5,13
1010_3,0,2,0,12,15,10,3,13,6,7,14,8,17,9,19,18,0,0,11,4,0,16,5,1
1011_1,5,8,0,10,0,14,18,0,1,4,15,9,19,12,7,13,11,6,16,2,3,0,17,20
1011_2,18,13,2,10,0,9,8,19,12,16,15,6,0,14,1,3,17,0,0,11,4,20,5,7
1011_3,0,3,0,15,10,1,2,20,11,19,8,7,9,14,12,6,0,16,13,5,0,18,17,4
1012_1,5,15,0,18,0,9,11,0,3,2,8,20,16,14,10,13,17,7,12,4,1,0,6,19
1012_2,11,13,4,18,0,20,15,16,14,12,8,7,0,9,3,1,6,0,0,17,2,19,5,10
1012_3,0,1,0,8,18,3,4,19,17,16,15,10,20,9,14,7,0,12,13,5,0,11,6,2
1013_1,5,16,0,20,0,18,11,0,4,1,7,14,10,15,19,13,17,12,9,3,2,0,8,6
1013_2,11,13,3,20,0,14,16,10,15,9,7,12,0,18,4,2,8,0,0,17,1,6,5,19
1014_1,3,9,0,20,0,17,14,0,5,2,13,16,7,18,15,19,8,12,10,4,1,0,6,11
1014_2,14,19,4,20,0,16,9,7,18,10,13,12,0,17,5,1,6,0,0,8,2,11,3,15
1014_3,0,1,0,13,20,5,4,11,8,7,9,15,16,17,18,12,0,10,19,3,0,14,6,2
1015_1,3,9,0,17,0,15,13,0,20,2,14,12,11,16,18,19,6,5,10,4,1,0,7,8
1015_2,13,19,4,17,0,12,9,11,16,10,14,5,0,15,20,1,7,0,0,6,2,8,3,18
1015_3,0,1,0,14,17,20,4,8,6,11,9,18,12,15,16,5,0,10,19,3,0,13,7,2
1016_1,6,7,0,11,0,16,8,0,3,5,9,17,13,19,4,18,15,10,0,1,2,0,12,14
1016_2,8,18,1,11,0,17,7,13,19,0,9,10,0,16,3,2,12,0,0,15,5,14,6,4
1016_3,0,2,0,9,11,3,1,14,15,13,7,4,17,16,19,10,0,0,18,6,0,8,12,5
1017_1,4,16,0,20,0,10,14,0,3,2,12,7,17,18,11,19,13,9,15,5,1,0,8,6
1017_2,14,19,5,20,0,7,16,17,18,15,12,9,0,10,3,1,8,0,0,13,2,6,4,11
1017_3,0,1,0,12,20,3,5,6,13,17,16,11,7,10,18,9,0,15,19,4,0,14,8,2
1018_1,5,19,0,9,0,6,12,0,1,2,10,7,17,20,11,18,15,13,16,4,3,0,8,14
1018_2,12,18,4,9,0,7,19,17,20,16,10,13,0,6,1,3,8,0,0,15,2,14,5,11
1018_3,0,3,0,10,9,1,4,14,15,17,19,11,7,6,20,13,0,16,18,5,0,12,8,2
1019_2,6,0,5,3,0,10,11,9,18,0,8,1,0,13,17,2,7,0,0,4,15,16,14,12
1019_3,0,2,0,8,3,17,5,16,4,9,11,12,10,13,18,1,0,0,0,14,0,6,7,15
101_2,9,20,8,16,0,13,18,14,2,19,3,6,0,10,15,17,11,0,0,12,7,4,1,5
101_3,0,17,0,3,16,15,8,4,12,14,18,5,13,10,2,6,0,19,20,1,0,9,11,7
1020_1,8,3,0,14,0,6,10,0,15,16,12,18,11,19,5,9,13,2,0,7,1,0,4,17
1020_2,10,9,7,14,0,18,3,11,19,0,12,2,0,6,15,1,4,0,0,13,16,17,8,5
1020_3,0,1,0,12,14,15,7,17,13,11,3,5,18,6,19,2,0,0,9,8,0,10,4,16
1021_2,17,14,4,18,0,6,13,9,19,12,11,16,0,7,3,2,8,0,0,15,20,5,1,10
1021_3,0,2,0,11,18,3,4,5,15,9,13,10,6,7,19,16,0,12,14,1,0,17,8,20
1022_1,10,11,0,1,0,16,9,0,17,4,7,14,6,18,13,0,8,15,0,2,3,0,5,12
1022_2,9,0,2,1,0,14,11,6,18,0,7,15,0,16,17,3,5,0,0,8,4,12,10,13
1022_3,0,3,0,7,1,17,2,12,8,6,11,13,14,16,18,15,0,0,0,10,0,9,5,4
1023_1,17,9,0,7,0,15,12,0,1,3,11,13,20,18,5,16,10,4,8,19,2,0,14,6
1023_2,12,16,19,7,0,13,9,20,18,8,11,4,0,15,1,2,14,0,0,10,3,6,17,5
1024_1,4,14,0,8,0,11,13,0,1,5,15,7,16,18,17,19,9,12,6,3,2,0,10,20
1024_3,0,2,0,15,8,1,3,20,9,16,14,17,7,11,18,12,0,6,19,4,0,13,10,5
1025_2,17,14,1,12,0,15,7,9,18,0,16,4,0,19,6,3,2,0,0,13,10,11,5,8
1026_3,0,3,0,9,11,16,2,4,12,13,15,8,18,14,20,10,0,5,19,17,0,7,6,1
1027_1,20,11,0,14,0,13,12,0,1,5,8,7,18,16,10,17,15,9,3,2,4,0,19,6
1027_2,12,17,2,14,0,7,11,18,16,3,8,9,0,13,1,4,19,0,0,15,5,6,20,10
1027_3,0,4,0,8,14,1,2,6,15,18,11,10,7,13,16,9,0,3,17,20,0,12,19,5
1028_2,14,16,13,7,0,17,2,10,18,0,5,1,0,9,6,3,4,0,0,11,12,19,8,15
1028_3,0,3,0,5,7,6,13,19,11,10,2,15,17,9,18,1,0,0,16,8,0,14,4,12
1029_2,12,19,3,10,0,11,16,9,18,5,14,20,0,8,6,2,7,0,0,17,4,13,1,15
102_1,1,2,0,18,0,3,14,0,15,5,6,17,16,11,10,19,8,12,20,7,13,0,9,4
102_2,14,19,7,18,0,17,2,16,11,20,6,12,0,3,15,13,9,0,0,8,5,4,1,10
102_3,0,13,0,6,18,15,7,4,8,16,2,10,17,3,11,12,0,20,19,1,0,14,9,5
1030_1,3,13,0,18,0,12,19,0,2,10,9,15,14,16,8,17,11,7,5,4,1,0,20,6
1030_2,19,17,4,18,0,15,13,14,16,5,9,7,0,12,2,1,20,0,0,11,10,6,3,8
1030_3,0,1,0,9,18,2,4,6,11,14,13,8,15,12,16,7,0,5,17,3,0,19,20,10
1031_1,16,8,0,12,0,17,15,0,5,13,1,19,6,10,11,4,2,14,20,18,3,0,7,9
1031_3,0,3,0,1,12,5,18,9,2,6,8,11,19,17,10,14,0,20,4,16,0,15,7,13
1032_1,9,6,0,10,0,16,8,0,4,2,14,17,7,15,3,0,5,12,0,11,1,0,18,13
1032_2,8,0,11,10,0,17,6,7,15,0,14,12,0,16,4,1,18,0,0,5,2,13,9,3
1032_3,0,1,0,14,10,4,11,13,5,7,6,3,17,16,15,12,0,0,0,9,0,8,18,2
1033_1,16,12,0,14,0,15,19,0,18,13,6,17,10,8,11,9,2,3,20,5,1,0,7,4
1033_2,19,9,5,14,0,17,12,10,8,20,6,3,0,15,18,1,7,0,0,2,13,4,16,11
1033_3,0,1,0,6,14,18,5,4,2,10,12,11,17,15,8,3,0,20,9,16,0,19,7,13
1034_3,0,1,0,13,7,18,14,11,9,6,8,2,17,15,10,3,0,0,0,12,0,4,16,5
1035_1,10,9,0,14,0,15,17,0,7,11,1,18,4,13,6,16,3,19,20,12,2,0,8,5
1035_2,17,16,12,14,0,18,9,4,13,20,1,19,0,15,7,2,8,0,0,3,11,5,10,6
1036_1,16,7,0,8,0,15,19,0,10,12,3,17,5,11,13,6,2,14,20,18,1,0,9,4
1036_2,19,6,18,8,0,17,7,5,11,20,3,14,0,15,10,1,9,0,0,2,12,4,16,13
1037_1,7,5,0,10,0,14,13,0,17,11,2,0,9,12,4,0,3,16,0,15,1,0,6,8
1037_3,0,1,0,2,10,17,15,8,3,9,5,4,0,14,12,16,0,0,0,7,0,13,6,11
1038_1,8,9,0,13,0,12,10,0,17,7,19,14,5,16,6,18,2,11,0,4,1,0,3,15
1038_2,10,18,4,13,0,14,9,5,16,0,19,11,0,12,17,1,3,0,0,2,7,15,8,6
1038_3,0,1,0,19,13,17,4,15,2,5,9,6,14,12,16,11,0,0,18,8,0,10,3,7
1039_1,11,8,0,0,0,10,0,0,0,4,2,0,5,13,6,0,3,9,0,12,1,0,0,7
1039_2,0,0,12,0,0,0,8,5,13,0,2,9,0,10,0,1,0,0,0,3,4,7,11,6
103_1,14,4,0,12,0,1,8,0,0,13,9,0,3,2,5,0,6,7,0,11,15,0,16,10
103_3,0,15,0,9,12,0,11,10,6,3,4,5,0,1,2,7,0,0,0,14,0,8,16,13
1040_1,12,4,0,16,0,14,8,0,18,10,2,15,6,13,5,0,3,9,0,11,1,0,17,7
1040_2,8,0,11,16,0,15,4,6,13,0,2,9,0,14,18,1,17,0,0,3,10,7,12,5
1040_3,0,1,0,2,16,18,11,7,3,6,4,5,15,14,13,9,0,0,0,12,0,8,17,10
1041_1,9,3,0,13,0,20,10,0,5,12,4,15,16,11,6,19,14,1,17,18,2,0,8,7
1041_2,10,19,18,13,0,15,3,16,11,17,4,1,0,20,5,2,8,0,0,14,12,7,9,6
1042_1,12,4,0,8,0,9,14,0,6,16,1,13,20,15,7,11,3,19,18,17,2,0,5,10
1042_3,0,2,0,1,8,6,17,10,3,20,4,7,13,9,15,19,0,18,11,12,0,14,5,16
1043_1,11,8,0,5,0,14,16,0,12,7,1,6,10,13,4,15,2,17,0,18,3,0,9,19
1043_2,16,15,18,5,0,6,8,10,13,0,1,17,0,14,12,3,9,0,0,2,7,19,11,4
1043_3,0,3,0,1,5,12,18,19,2,10,8,4,6,14,13,17,0,0,15,11,0,16,9,7
1044_1,16,6,0,9,0,11,17,0,15,18,14,13,1,7,5,3,2,10,20,19,8,0,12,4
1044_2,17,3,19,9,0,13,6,1,7,20,14,10,0,11,15,8,12,0,0,2,18,4,16,5
1045_1,17,6,0,5,0,13,7,0,4,2,18,14,9,15,16,0,8,11,0,3,1,0,12,10
1045_2,7,0,3,5,0,14,6,9,15,0,18,11,0,13,4,1,12,0,0,8,2,10,17,16
1045_3,0,1,0,18,5,4,3,10,8,9,6,16,14,13,15,11,0,0,0,17,0,7,12,2
1046_1,7,15,0,11,0,10,1,0,18,8,5,17,2,12,13,0,6,3,0,4,16,0,14,9
1047_1,15,7,0,5,0,14,13,0,4,6,9,19,2,11,17,18,12,1,0,10,3,0,16,8
1047_2,13,18,10,5,0,19,7,2,11,0,9,1,0,14,4,3,16,0,0,12,6,8,15,17
1047_3,0,3,0,9,5,4,10,8,12,2,7,17,19,14,11,1,0,0,18,15,0,13,16,6
104_1,10,9,0,13,0,1,6,0,15,2,8,18,19,4,14,17,12,7,0,5,16,0,11,3
104_2,6,17,5,13,0,18,9,19,4,0,8,7,0,1,15,16,11,0,0,12,2,3,10,14
104_3,0,16,0,8,13,15,5,3,12,19,9,14,18,1,4,7,0,0,17,10,0,6,11,2
1051_1,13,10,0,5,0,3,11,0,16,8,9,20,6,19,12,18,7,2,17,15,1,0,14,4
1052_1,10,7,0,4,0,8,5,0,17,9,3,14,12,11,6,18,13,1,0,15,2,0,16,19
1052_2,5,18,15,4,0,14,7,12,11,0,3,1,0,8,17,2,16,0,0,13,9,19,10,6
1052_3,0,2,0,3,4,17,15,19,13,12,7,6,14,8,11,1,0,0,18,10,0,5,16,9
1054_1,9,12,0,15,0,13,4,0,16,8,2,19,11,10,1,18,14,6,0,5,3,0,17,7
1054_2,4,18,5,15,0,19,12,11,10,0,2,6,0,13,16,3,17,0,0,14,8,7,9,1
1055_1,19,11,0,9,0,10,3,0,18,8,4,16,6,14,5,15,7,1,0,12,2,0,17,13
1055_3,0,2,0,4,9,18,12,13,7,6,11,5,16,10,14,1,0,0,15,19,0,3,17,8
1056_1,9,11,0,15,0,14,4,0,17,3,2,19,8,12,13,18,10,1,0,7,6,0,16,5
1056_2,4,18,7,15,0,19,11,8,12,0,2,1,0,14,17,6,16,0,0,10,3,5,9,13
1056_3,0,6,0,2,15,17,7,5,10,8,11,13,19,14,12,1,0,0,18,9,0,4,16,3
1057_1,4,15,0,16,0,14,13,0,12,5,7,19,3,11,8,18,9,2,0,6,1,0,17,10
1057_2,13,18,6,16,0,19,15,3,11,0,7,2,0,14,12,1,17,0,0,9,5,10,4,8
1057_3,0,1,0,7,16,12,6,10,9,3,15,8,19,14,11,2,0,0,18,4,0,13,17,5
1058_1,15,6,0,8,0,7,4,0,9,10,5,16,3,12,13,17,14,1,0,11,2,0,19,18
1058_2,4,17,11,8,0,16,6,3,12,0,5,1,0,7,9,2,19,0,0,14,10,18,15,13
1058_3,0,2,0,5,8,9,11,18,14,3,6,13,16,7,12,1,0,0,17,15,0,4,19,10
1059_1,13,14,0,10,0,8,7,0,17,5,3,16,4,15,9,19,12,2,20,11,1,0,18,6
1059_2,7,19,11,10,0,16,14,4,15,20,3,2,0,8,17,1,18,0,0,12,5,6,13,9
105_1,6,1,0,15,0,4,12,0,8,3,7,18,13,2,10,20,5,9,19,17,14,0,11,16
105_2,12,20,17,15,0,18,1,13,2,19,7,9,0,4,8,14,11,0,0,5,3,16,6,10
105_3,0,14,0,7,15,8,17,16,5,13,1,10,18,4,2,9,0,19,20,6,0,12,11,3
1060_1,5,17,0,12,0,15,2,0,6,13,4,19,10,14,9,18,7,1,0,8,3,0,16,11
1060_2,2,18,8,12,0,19,17,10,14,0,4,1,0,15,6,3,16,0,0,7,13,11,5,9
1060_3,0,3,0,4,12,6,8,11,7,10,17,9,19,15,14,1,0,0,18,5,0,2,16,13
1061_1,11,13,0,14,0,7,3,0,15,9,4,19,12,10,5,18,8,6,0,17,2,0,16,1
1061_2,3,18,17,14,0,19,13,12,10,0,4,6,0,7,15,2,16,0,0,8,9,1,11,5
1061_3,0,2,0,4,14,15,17,1,8,12,13,5,19,7,10,6,0,0,18,11,0,3,16,9
1062_1,3,7,0,0,0,6,10,0,0,14,5,0,9,8,11,0,12,1,0,2,13,0,0,4
1062_2,10,0,2,0,0,0,7,9,8,0,5,1,0,6,0,13,0,0,0,12,14,4,3,11
1062_3,0,13,0,5,0,0,2,4,12,9,7,11,0,6,8,1,0,0,0,3,0,10,0,14
1064_2,5,17,16,13,0,14,12,19,15,20,3,1,0,7,18,2,11,0,0,8,6,4,10,9
1065_2,3,0,13,14,0,16,8,6,15,0,12,2,0,9,17,4,10,0,0,11,7,5,18,1
1065_3,0,4,0,12,14,17,13,5,11,6,8,1,16,9,15,2,0,0,0,18,0,3,10,7
1066_1,18,4,0,2,0,8,13,0,17,1,15,19,7,10,5,16,9,12,20,11,6,0,3,14
1066_2,13,16,11,2,0,19,4,7,10,20,15,12,0,8,17,6,3,0,0,9,1,14,18,5
1066_3,0,6,0,15,2,17,11,14,9,7,4,5,19,8,10,12,0,20,16,18,0,13,3,1
1067_1,13,8,0,7,0,17,3,0,19,11,1,9,4,14,16,18,12,2,20,10,6,0,15,5
1067_2,3,18,10,7,0,9,8,4,14,20,1,2,0,17,19,6,15,0,0,12,11,5,13,16
1067_3,0,6,0,1,7,19,10,5,12,4,8,16,9,17,14,2,0,20,18,13,0,3,15,11
1069_2,4,20,11,7,0,14,12,3,10,13,9,2,0,16,18,1,17,0,0,19,6,8,15,5
1069_3,0,1,0,9,7,18,11,8,19,3,12,5,14,16,10,2,0,13,20,15,0,4,17,6
106_1,13,7,0,11,0,8,1,0,10,6,5,18,2,12,14,19,3,4,20,17,15,0,16,9
106_2,1,19,17,11,0,18,7,2,12,20,5,4,0,8,10,15,16,0,0,3,6,9,13,14
106_3,0,15,0,5,11,10,17,9,3,2,7,14,18,8,12,4,0,20,19,13,0,1,16,6
1070_1,7,16,0,13,0,10,5,0,15,6,18,12,3,9,17,0,14,1,0,8,2,0,11,4
1070_2,5,0,8,13,0,12,16,3,9,0,18,1,0,10,15,2,11,0,0,14,6,4,7,17
1070_3,0,2,0,18,13,15,8,4,14,3,16,17,12,10,9,1,0,0,0,7,0,5,11,6
1071_1,13,12,0,17,0,11,5,0,19,6,4,18,2,16,9,14,10,1,15,7,3,0,20,8
1071_2,5,14,7,17,0,18,12,2,16,15,4,1,0,11,19,3,20,0,0,10,6,8,13,9
1071_3,0,3,0,4,17,19,7,8,10,2,12,9,18,11,16,1,0,15,14,13,0,5,20,6
1072_1,11,19,0,7,0,13,4,0,16,10,3,12,5,14,8,17,6,2,0,15,1,0,18,9
1072_2,4,17,15,7,0,12,19,5,14,0,3,2,0,13,16,1,18,0,0,6,10,9,11,8
1073_1,13,15,0,5,0,11,6,0,17,4,8,7,3,16,10,19,9,2,0,14,1,0,18,12
1073_2,6,19,14,5,0,7,15,3,16,0,8,2,0,11,17,1,18,0,0,9,4,12,13,10
1073_3,0,1,0,8,5,17,14,12,9,3,15,10,7,11,16,2,0,0,19,13,0,6,18,4
1074_1,8,15,0,6,0,10,18,0,19,3,7,11,20,17,12,16,9,2,13,4,5,0,14,1
1074_2,18,16,4,6,0,11,15,20,17,13,7,2,0,10,19,5,14,0,0,9,3,1,8,12
1074_3,0,5,0,7,6,19,4,1,9,20,15,12,11,10,17,2,0,13,16,8,0,18,14,3
1075_1,10,13,0,5,0,6,11,0,17,4,9,14,18,15,8,0,7,3,0,1,12,0,16,2
1075_2,11,0,1,5,0,14,13,18,15,0,9,3,0,6,17,12,16,0,0,7,4,2,10,8
1075_3,0,12,0,9,5,17,1,2,7,18,13,8,14,6,15,3,0,0,0,10,0,11,16,4
1076_1,1,9,0,17,0,10,5,0,11,8,15,13,7,19,12,14,18,2,0,3,4,0,16,6
1076_2,5,14,3,17,0,13,9,7,19,0,15,2,0,10,11,4,16,0,0,18,8,6,1,12
1076_3,0,4,0,15,17,11,3,6,18,7,9,12,13,10,19,2,0,0,14,1,0,5,16,8
1077_2,14,0,18,15,0,17,3,7,2,0,1,12,0,8,16,11,9,0,0,13,10,6,4,5
1077_3,0,11,0,1,15,16,18,6,13,7,3,5,17,8,2,12,0,0,0,4,0,14,9,10
1078_1,7,18,0,14,0,8,9,0,17,3,11,13,12,19,5,10,16,1,0,4,6,0,15,2
1078_3,0,6,0,11,14,17,4,2,16,12,18,5,13,8,19,1,0,0,10,7,0,9,15,3
1079_1,14,15,0,2,0,13,7,0,18,11,20,10,9,12,5,8,6,4,16,3,19,0,17,1
1079_2,7,8,3,2,0,10,15,9,12,16,20,4,0,13,18,19,17,0,0,6,11,1,14,5
1079_3,0,19,0,20,2,18,3,1,6,9,15,5,10,13,12,4,0,16,8,14,0,7,17,11
107_1,4,6,0,13,0,1,2,0,12,14,8,19,5,3,10,18,16,11,0,15,17,0,7,9
107_2,2,18,15,13,0,19,6,5,3,0,8,11,0,1,12,17,7,0,0,16,14,9,4,10
107_3,0,17,0,8,13,12,15,9,16,5,6,10,19,1,3,11,0,0,18,4,0,2,7,14
1080_1,15,19,0,6,0,7,5,0,20,2,11,18,12,16,10,17,9,4,14,3,8,0,13,1
1080_2,5,17,3,6,0,18,19,12,16,14,11,4,0,7,20,8,13,0,0,9,2,1,15,10
1080_3,0,8,0,11,6,20,3,1,9,12,19,10,18,7,16,4,0,14,17,15,0,5,13,2
1081_1,3,8,0,17,0,5,4,0,12,9,16,18,7,10,13,15,14,2,0,1,11,0,19,6
1081_2,4,15,1,17,0,18,8,7,10,0,16,2,0,5,12,11,19,0,0,14,9,6,3,13
1081_3,0,11,0,16,17,12,1,6,14,7,8,13,18,5,10,2,0,0,15,3,0,4,19,9
1082_3,0,6,0,3,10,15,9,12,14,11,17,19,7,2,16,1,0,0,8,13,0,4,18,5
1083_1,7,15,0,10,0,6,5,0,14,2,13,0,12,17,11,0,9,1,0,16,4,0,8,3
1083_2,5,0,16,10,0,0,15,12,17,0,13,1,0,6,14,4,8,0,0,9,2,3,7,11
1083_3,0,4,0,13,10,14,16,3,9,12,15,11,0,6,17,1,0,0,0,7,0,5,8,2
1084_1,12,11,0,4,0,17,9,0,16,3,6,14,10,18,19,7,5,1,15,20,8,0,13,2
1084_2,9,7,20,4,0,14,11,10,18,15,6,1,0,17,16,8,13,0,0,5,3,2,12,19
1084_3,0,8,0,6,4,16,20,2,5,10,11,19,14,17,18,1,0,15,7,12,0,9,13,3
1085_1,14,10,0,5,0,6,7,0,16,12,18,17,9,11,15,19,8,2,20,4,3,0,13,1
1085_2,7,19,4,5,0,17,10,9,11,20,18,2,0,6,16,3,13,0,0,8,12,1,14,15
1085_3,0,3,0,18,5,16,4,1,8,9,10,15,17,6,11,2,0,20,19,14,0,7,13,12
1086_2,4,11,7,1,0,15,13,10,14,16,20,6,0,9,18,5,19,0,0,8,2,3,17,12
1086_3,0,5,0,20,1,18,7,3,8,10,13,12,15,9,14,6,0,16,11,17,0,4,19,2
1087_3,0,5,0,1,16,17,7,4,18,13,12,3,14,6,2,9,0,0,0,10,0,11,15,8
1088_1,13,8,0,6,0,12,7,0,18,3,19,11,16,20,17,10,9,1,14,5,4,0,15,2
1088_2,7,10,5,6,0,11,8,16,20,14,19,1,0,12,18,4,15,0,0,9,3,2,13,17
1088_3,0,4,0,19,6,18,5,2,9,16,8,17,11,12,20,1,0,14,10,13,0,7,15,3
1089_1,5,11,0,3,0,8,6,0,14,7,16,18,4,13,19,10,12,2,9,20,15,0,17,1
108_1,8,1,0,11,0,17,9,0,16,3,10,0,2,5,4,0,6,12,0,7,15,0,13,14
108_2,9,0,7,11,0,0,1,2,5,0,10,12,0,17,16,15,13,0,0,6,3,14,8,4
108_3,0,15,0,10,11,16,7,14,6,2,1,4,0,17,5,12,0,0,0,8,0,9,13,3
1091_2,5,0,1,16,0,13,11,12,8,0,18,9,0,6,10,4,17,0,0,14,3,2,7,15
1091_3,0,4,0,18,16,10,1,2,14,12,11,15,13,6,8,9,0,0,0,7,0,5,17,3
1092_1,2,17,0,9,0,8,12,0,6,4,15,18,14,7,16,0,13,1,0,3,5,0,11,10
1092_2,12,0,3,9,0,18,17,14,7,0,15,1,0,8,6,5,11,0,0,13,4,10,2,16
1092_3,0,5,0,15,9,6,3,10,13,14,17,16,18,8,7,1,0,0,0,2,0,12,11,4
1093_1,7,8,0,17,0,11,3,0,12,14,16,15,13,6,10,18,5,1,0,4,2,0,19,9
1093_3,0,2,0,16,17,12,4,9,5,13,8,10,15,11,6,1,0,0,18,7,0,3,19,14
1094_1,16,15,0,4,0,7,10,0,19,5,20,11,12,14,8,18,9,1,13,3,2,0,17,6
1094_2,10,18,3,4,0,11,15,12,14,13,20,1,0,7,19,2,17,0,0,9,5,6,16,8
1094_3,0,2,0,20,4,19,3,6,9,12,15,8,11,7,14,1,0,13,18,16,0,10,17,5
1095_3,0,6,0,3,14,8,2,1,7,10,18,17,13,12,5,11,0,0,0,4,0,16,15,9
1096_1,17,12,0,5,0,10,7,0,20,4,18,11,13,9,19,16,8,1,14,2,6,0,15,3
1096_2,7,16,2,5,0,11,12,13,9,14,18,1,0,10,20,6,15,0,0,8,4,3,17,19
1096_3,0,6,0,18,5,20,2,3,8,13,12,19,11,10,9,1,0,14,16,17,0,7,15,4
1098_1,2,20,0,11,0,7,6,0,17,10,1,18,9,15,19,16,8,4,12,3,5,0,14,13
1098_3,0,5,0,1,11,17,3,13,8,9,20,19,18,7,15,4,0,12,16,2,0,6,14,10
1099_1,7,10,0,14,0,2,3,0,11,6,9,15,19,12,17,18,4,5,16,1,8,0,13,20
1099_2,3,18,1,14,0,15,10,19,12,16,9,5,0,2,11,8,13,0,0,4,6,20,7,17
1099_3,0,8,0,9,14,11,1,20,4,19,10,17,15,2,12,5,0,16,18,7,0,3,13,6
109_1,12,15,0,16,0,1,13,0,11,14,3,0,9,2,6,0,17,7,0,8,4,0,10,5
10_1,3,10,0,17,0,15,7,0,14,12,4,18,6,5,9,0,11,13,0,1,2,0,16,8
10_3,0,2,0,4,17,14,1,8,11,6,10,9,18,15,5,13,0,0,0,3,0,7,16,12
1100_1,9,4,0,12,0,3,8,0,11,13,2,15,18,7,14,0,6,10,0,16,1,0,17,5
1100_2,8,0,16,12,0,15,4,18,7,0,2,10,0,3,11,1,17,0,0,6,13,5,9,14
1100_3,0,1,0,2,12,11,16,5,6,18,4,14,15,3,7,10,0,0,0,9,0,8,17,13
1101_1,2,17,0,16,0,5,7,0,8,9,3,15,19,10,12,18,6,4,0,1,11,0,14,13
1101_2,7,18,1,16,0,15,17,19,10,0,3,4,0,5,8,11,14,0,0,6,9,13,2,12
1101_3,0,11,0,3,16,8,1,13,6,19,17,12,15,5,10,4,0,0,18,2,0,7,14,9
1102_3,0,13,0,4,12,15,1,19,16,10,6,7,17,2,11,3,0,20,18,8,0,5,14,9
1104_1,6,7,0,13,0,2,8,0,19,3,1,12,14,20,16,11,17,4,15,18,5,0,9,10
1104_2,8,11,18,13,0,12,7,14,20,15,1,4,0,2,19,5,9,0,0,17,3,10,6,16
1104_3,0,5,0,1,13,19,18,10,17,14,7,16,12,2,20,4,0,15,11,6,0,8,9,3
1105_2,6,9,8,13,0,19,11,18,17,15,1,2,0,7,16,3,10,0,0,4,5,20,12,14
1105_3,0,3,0,1,13,16,8,20,4,18,11,14,19,7,17,2,0,15,9,12,0,6,10,5
1106_1,9,19,0,10,0,3,4,0,17,5,1,16,15,7,14,6,13,11,0,12,2,0,18,8
1106_2,4,6,12,10,0,16,19,15,7,0,1,11,0,3,17,2,18,0,0,13,5,8,9,14
1106_3,0,2,0,1,10,17,12,8,13,15,19,14,16,3,7,11,0,0,6,9,0,4,18,5
1107_1,2,9,0,10,0,6,12,0,20,13,1,18,17,8,19,14,7,3,15,11,4,0,16,5
1107_3,0,4,0,1,10,20,11,5,7,17,9,19,18,6,8,3,0,15,14,2,0,12,16,13
1108_1,2,4,0,13,0,8,10,0,15,11,1,3,17,19,18,14,9,6,0,12,7,0,16,5
1108_2,10,14,12,13,0,3,4,17,19,0,1,6,0,8,15,7,16,0,0,9,11,5,2,18
1108_3,0,7,0,1,13,15,12,5,9,17,4,18,3,8,19,6,0,0,14,2,0,10,16,11
1109_1,3,5,0,18,0,8,17,0,2,6,11,12,14,9,16,0,15,1,0,7,4,0,13,10
1109_3,0,4,0,11,18,2,7,10,15,14,5,16,12,8,9,1,0,0,0,3,0,17,13,6
110_1,11,3,0,17,0,2,13,0,16,6,18,12,5,1,10,19,8,4,0,7,9,0,14,15
110_2,13,19,7,17,0,12,3,5,1,0,18,4,0,2,16,9,14,0,0,8,6,15,11,10
110_3,0,9,0,18,17,16,7,15,8,5,3,10,12,2,1,4,0,0,19,11,0,13,14,6
1110_1,8,6,0,7,0,5,15,0,11,17,13,18,14,9,16,19,12,2,0,1,4,0,10,3
1110_2,15,19,1,7,0,18,6,14,9,0,13,2,0,5,11,4,10,0,0,12,17,3,8,16
1110_3,0,4,0,13,7,11,1,3,12,14,6,16,18,5,9,2,0,0,19,8,0,15,10,17
112_1,8,7,0,14,0,3,16,0,15,1,2,0,6,13,10,0,5,4,0,12,17,0,9,11
112_2,16,0,12,14,0,0,7,6,13,0,2,4,0,3,15,17,9,0,0,5,1,11,8,10
113_1,2,1,0,14,0,15,6,0,12,4,8,0,7,3,16,0,9,10,0,13,5,0,17,11
113_2,6,0,13,14,0,0,1,7,3,0,8,10,0,15,12,5,17,0,0,9,4,11,2,16
114_1,13,2,0,18,0,6,10,0,17,1,11,15,4,3,9,0,5,8,0,7,12,0,16,14
114_2,10,0,7,18,0,15,2,4,3,0,11,8,0,6,17,12,16,0,0,5,1,14,13,9
114_3,0,12,0,11,18,17,7,14,5,4,2,9,15,6,3,8,0,0,0,13,0,10,16,1
115_3,0,11,0,14,7,12,8,9,1,19,2,5,10,4,15,13,0,0,17,3,0,18,6,16
116_1,5,3,0,10,0,7,14,0,13,4,11,18,6,1,12,19,2,15,16,9,17,0,8,20
116_2,14,19,9,10,0,18,3,6,1,16,11,15,0,7,13,17,8,0,0,2,4,20,5,12
116_3,0,17,0,11,10,13,9,20,2,6,3,12,18,7,1,15,0,16,19,5,0,14,8,4
117_2,9,19,5,13,0,16,4,6,3,20,12,18,0,7,17,15,10,0,0,1,14,11,2,8
117_3,0,15,0,12,13,17,5,11,1,6,4,8,16,7,3,18,0,20,19,2,0,9,10,14
118_2,20,14,17,15,0,19,5,1,2,18,11,12,0,7,13,10,16,0,0,4,3,8,6,9
118_3,0,10,0,11,15,13,17,8,4,1,5,9,19,7,2,12,0,18,14,6,0,20,16,3
119_2,13,0,2,0,0,0,8,6,5,0,14,4,0,3,0,10,0,0,0,11,1,12,7,9
11_2,5,16,7,13,0,17,12,2,6,18,4,10,0,11,20,1,3,0,0,15,19,9,8,14
11_3,0,1,0,4,13,20,7,9,15,2,12,14,17,11,6,10,0,18,16,8,0,5,3,19
120_1,8,7,0,13,0,1,20,0,17,5,16,15,4,3,2,12,11,14,19,6,9,0,18,10
120_2,20,12,6,13,0,15,7,4,3,19,16,14,0,1,17,9,18,0,0,11,5,10,8,2
120_3,0,9,0,16,13,17,6,10,11,4,7,2,15,1,3,14,0,19,12,8,0,20,18,5
121_1,7,8,0,12,0,16,6,0,14,1,15,0,10,4,9,0,2,3,0,5,11,0,17,13
121_2,6,0,5,12,0,0,8,10,4,0,15,3,0,16,14,11,17,0,0,2,1,13,7,9
121_3,0,11,0,15,12,14,5,13,2,10,8,9,0,16,4,3,0,0,0,7,0,6,17,1
122_1,16,4,0,12,0,5,15,0,11,2,10,19,7,1,9,17,6,13,0,3,8,0,18,14
122_2,15,17,3,12,0,19,4,7,1,0,10,13,0,5,11,8,18,0,0,6,2,14,16,9
122_3,0,8,0,10,12,11,3,14,6,7,4,9,19,5,1,13,0,0,17,16,0,15,18,2
123_1,17,12,0,18,0,2,5,0,14,13,11,16,4,3,9,0,1,7,0,8,10,0,15,6
123_2,5,0,8,18,0,16,12,4,3,0,11,7,0,2,14,10,15,0,0,1,13,6,17,9
123_3,0,10,0,11,18,14,8,6,1,4,12,9,16,2,3,7,0,0,0,17,0,5,15,13
124_1,9,13,0,0,0,6,0,0,0,12,10,0,2,1,3,0,4,7,0,8,5,0,0,11
124_3,0,5,0,10,0,0,8,11,4,2,13,3,0,6,1,7,0,0,0,9,0,0,0,12
125_1,9,13,0,19,0,3,18,0,10,1,6,15,4,17,16,7,2,20,8,11,5,0,14,12
125_2,18,7,11,19,0,15,13,4,17,8,6,20,0,3,10,5,14,0,0,2,1,12,9,16
125_3,0,5,0,6,19,10,11,12,2,4,13,16,15,3,17,20,0,8,7,9,0,18,14,1
126_3,0,8,0,18,17,14,9,12,3,6,1,4,15,7,16,5,21,10,19,20,0,11,13,2
127_1,4,1,0,12,0,5,19,0,17,3,8,14,7,10,18,15,2,16,0,6,9,0,13,11
127_2,19,15,6,12,0,14,1,7,10,0,8,16,0,5,17,9,13,0,0,2,3,11,4,18
127_3,0,9,0,8,12,17,6,11,2,7,1,18,14,5,10,16,0,0,15,4,0,19,13,3
128_1,9,10,0,16,0,11,12,0,0,3,2,0,6,8,4,0,13,1,0,5,7,0,14,15
128_2,12,0,5,16,0,0,10,6,8,0,2,1,0,11,0,7,14,0,0,13,3,15,9,4
129_1,9,4,0,15,0,14,16,0,7,3,10,11,17,6,8,0,2,1,0,12,5,0,18,13
129_2,16,0,12,15,0,11,4,17,6,0,10,1,0,14,7,5,18,0,0,2,3,13,9,8
12_1,7,5,0,11,0,8,12,0,0,16,3,0,14,9,1,0,13,4,0,10,6,0,15,2
130_1,3,4,0,18,8,6,22,0,10,11,17,19,1,12,5,14,7,21,20,13,15,9,16,2
130_2,22,14,13,18,8,19,4,1,12,20,17,21,9,6,10,15,16,0,0,7,11,2,3,5
131_1,3,5,0,15,17,4,21,0,16,8,19,14,6,12,9,20,1,10,11,13,7,0,18,2
132_1,2,3,0,17,18,6,15,0,13,21,19,16,5,22,9,14,1,7,20,8,10,11,12,4
132_2,15,14,8,17,18,16,3,5,22,20,19,7,11,6,13,10,12,0,0,1,21,4,2,9
132_3,11,10,0,19,17,13,8,4,1,5,3,9,16,6,22,7,18,20,14,2,0,15,12,21
133_1,1,2,0,12,0,3,19,0,15,8,7,10,5,16,6,11,4,17,0,18,14,0,13,9
133_2,19,11,18,12,0,10,2,5,16,0,7,17,0,3,15,14,13,0,0,4,8,9,1,6
134_1,12,1,0,8,0,3,18,0,10,4,13,11,5,15,7,0,2,6,0,16,9,0,17,14
134_2,18,0,16,8,0,11,1,5,15,0,13,6,0,3,10,9,17,0,0,2,4,14,12,7
134_3,0,9,0,13,8,10,16,14,2,5,1,7,11,3,15,6,0,0,0,12,0,18,17,4
135_1,1,2,0,9,0,4,12,0,18,8,16,14,7,13,6,17,3,19,15,10,11,0,20,5
135_2,12,17,10,9,0,14,2,7,13,15,16,19,0,4,18,11,20,0,0,3,8,5,1,6
135_3,0,11,0,16,9,18,10,5,3,7,2,6,14,4,13,19,0,15,17,1,0,12,20,8
136_1,3,1,0,12,0,8,7,0,19,20,18,13,10,14,9,15,4,6,17,5,11,0,16,2
136_3,0,11,0,18,12,19,5,2,4,10,1,9,13,8,14,6,0,17,15,3,0,7,16,20
137_1,1,6,0,11,0,4,13,0,8,15,9,10,5,17,7,12,2,19,0,14,16,0,18,3
137_2,13,12,14,11,0,10,6,5,17,0,9,19,0,4,8,16,18,0,0,2,15,3,1,7
138_2,14,6,13,7,0,8,2,19,18,0,16,11,0,4,17,9,5,0,0,1,15,12,3,10
139_2,19,13,3,16,0,18,1,4,11,14,10,9,0,5,15,8,12,0,0,20,2,6,7,17
139_3,0,8,0,10,16,15,3,6,20,4,1,17,18,5,11,9,0,14,13,7,0,19,12,2
13_2,9,17,7,11,0,16,3,8,19,0,2,18,0,10,6,1,4,0,0,13,14,5,15,12
13_3,0,1,0,2,11,6,7,5,13,8,3,12,16,10,19,18,0,0,17,15,0,9,4,14
140_1,12,5,0,16,0,4,13,0,0,3,10,0,15,6,8,0,1,2,0,7,9,0,11,14
140_2,13,0,7,16,0,0,5,15,6,0,10,2,0,4,0,9,11,0,0,1,3,14,12,8
140_3,0,9,0,10,16,0,7,14,1,15,5,8,0,4,6,2,0,0,0,12,0,13,11,3
141_2,15,0,4,12,0,0,6,5,13,0,9,3,0,16,2,8,17,0,0,10,1,7,14,11
141_3,0,8,0,9,12,2,4,7,10,5,6,11,0,16,13,3,0,0,0,14,0,15,17,1
142_1,6,13,0,9,0,1,14,0,0,2,8,0,7,5,10,0,3,11,0,12,15,0,0,4
142_2,14,0,12,9,0,0,13,7,5,0,8,11,0,1,0,15,0,0,0,3,2,4,6,10
142_3,0,15,0,8,9,0,12,4,3,7,13,10,0,1,5,11,0,0,0,6,0,14,0,2
143_1,7,6,0,12,0,17,11,0,19,2,13,16,4,9,18,14,1,20,15,3,8,0,10,5
143_2,11,14,3,12,0,16,6,4,9,15,13,20,0,17,19,8,10,0,0,1,2,5,7,18
143_3,0,8,0,13,12,19,3,5,1,4,6,18,16,17,9,20,0,15,14,7,0,11,10,2
144_1,8,10,0,14,0,9,16,0,4,7,6,20,18,2,15,17,5,1,19,3,12,0,13,11
144_3,0,12,0,6,14,4,3,11,5,18,10,15,20,9,2,1,0,19,17,8,0,16,13,7
145_1,7,6,0,14,0,16,12,0,9,4,15,2,5,11,17,18,1,3,0,19,8,0,13,10
145_2,12,18,19,14,0,2,6,5,11,0,15,3,0,16,9,8,13,0,0,1,4,10,7,17
145_3,0,8,0,15,14,9,19,10,1,5,6,17,2,16,11,3,0,0,18,7,0,12,13,4
146_2,4,8,5,12,0,16,11,19,6,0,3,17,0,15,9,18,13,0,0,1,2,7,10,14
146_3,0,18,0,3,12,9,5,7,1,19,11,14,16,15,6,17,0,0,8,10,0,4,13,2
147_1,10,13,0,20,0,11,16,0,5,1,3,2,14,18,8,19,7,4,17,6,15,0,9,12
147_2,16,19,6,20,0,2,13,14,18,17,3,4,0,11,5,15,9,0,0,7,1,12,10,8
148_1,5,8,0,14,0,3,15,0,16,12,1,17,13,4,2,0,11,10,0,18,7,0,9,6
148_2,15,0,18,14,0,17,8,13,4,0,1,10,0,3,16,7,9,0,0,11,12,6,5,2
148_3,0,7,0,1,14,16,18,6,11,13,8,2,17,3,4,10,0,0,0,5,0,15,9,12
149_1,12,3,0,10,16,21,17,0,20,2,13,19,6,9,18,11,1,7,5,4,8,0,14,15
149_2,17,11,4,10,16,19,3,6,9,5,13,7,0,21,20,8,14,0,0,1,2,15,12,18
149_3,0,8,0,13,10,20,4,15,1,6,3,18,19,21,9,7,16,5,11,12,0,17,14,2
14_1,6,15,0,16,0,19,3,0,17,4,13,12,9,2,11,14,18,8,0,5,1,0,7,10
14_2,3,14,5,16,0,12,15,9,2,0,13,8,0,19,17,1,7,0,0,18,4,10,6,11
150_1,20,4,0,13,0,19,7,0,17,1,16,11,6,8,15,18,2,5,14,3,9,0,12,10
150_2,7,18,3,13,0,11,4,6,8,14,16,5,0,19,17,9,12,0,0,2,1,10,20,15
150_3,0,9,0,16,13,17,3,10,2,6,4,15,11,19,8,5,0,14,18,20,0,7,12,1
151_1,8,12,0,15,0,16,10,0,14,3,5,0,17,6,4,0,11,2,0,13,7,0,1,9
151_2,10,0,13,15,0,0,12,17,6,0,5,2,0,16,14,7,1,0,0,11,3,9,8,4
151_3,0,7,0,5,15,14,13,9,11,17,12,4,0,16,6,2,0,0,0,8,0,10,1,3
152_2,16,13,9,15,0,18,11,12,6,0,3,2,0,7,5,17,8,0,0,1,4,19,10,14
152_3,0,17,0,3,15,5,9,19,1,12,11,14,18,7,6,2,0,0,13,10,0,16,8,4
153_1,11,8,0,18,0,16,10,0,5,4,14,6,12,9,20,19,1,2,17,3,7,0,15,13
153_2,10,19,3,18,0,6,8,12,9,17,14,2,0,16,5,7,15,0,0,1,4,13,11,20
153_3,0,7,0,14,18,5,3,13,1,12,8,20,6,16,9,2,0,17,19,11,0,10,15,4
154_1,6,13,0,14,0,8,15,0,0,12,1,0,5,7,11,0,10,9,0,2,3,0,0,4
154_3,0,3,0,1,14,0,2,4,10,5,13,11,0,8,7,9,0,0,0,6,0,15,0,12
155_1,12,8,0,18,0,14,5,0,10,2,4,17,16,6,1,19,9,3,0,7,15,0,11,13
155_2,5,19,7,18,0,17,8,16,6,0,4,3,0,14,10,15,11,0,0,9,2,13,12,1
155_3,0,15,0,4,18,10,7,13,9,16,8,1,17,14,6,3,0,0,19,12,0,5,11,2
156_1,18,17,0,13,20,19,15,0,12,2,1,5,9,6,10,16,3,4,21,11,7,0,8,14
156_2,15,16,11,13,20,5,17,9,6,21,1,4,0,19,12,7,8,0,0,3,2,14,18,10
156_3,0,7,0,1,13,12,11,14,3,9,17,10,5,19,6,4,20,21,16,18,0,15,8,2
157_1,15,13,0,7,0,16,14,0,5,2,4,18,9,6,3,17,11,1,19,8,12,0,10,20
157_2,14,17,8,7,0,18,13,9,6,19,4,1,0,16,5,12,10,0,0,11,2,20,15,3
157_3,0,12,0,4,7,5,8,20,11,9,13,3,18,16,6,1,0,19,17,15,0,14,10,2
158_2,19,14,13,16,0,8,11,9,6,0,10,12,0,2,17,15,1,0,0,7,3,4,18,5
158_3,0,15,0,10,16,17,13,4,7,9,11,5,8,2,6,12,0,0,14,18,0,19,1,3
159_1,9,17,0,5,0,6,10,0,18,16,1,15,3,13,12,0,11,14,0,7,4,0,2,8
159_2,10,0,7,5,0,15,17,3,13,0,1,14,0,6,18,4,2,0,0,11,16,8,9,12
159_3,0,4,0,1,5,18,7,8,11,3,17,12,15,6,13,14,0,0,0,9,0,10,2,16
15_1,10,19,0,6,0,4,12,0,17,3,5,13,8,7,14,18,9,11,0,15,2,0,16,1
15_3,0,2,0,5,6,17,15,1,9,8,19,14,13,4,7,11,0,0,18,10,0,12,16,3
160_1,10,11,0,1,0,4,7,0,9,5,15,12,3,6,8,16,14,2,0,17,18,0,19,13
160_2,7,16,17,1,0,12,11,3,6,0,15,2,0,4,9,18,19,0,0,14,5,13,10,8
160_3,0,18,0,15,1,9,17,13,14,3,11,8,12,4,6,2,0,0,16,10,0,7,19,5
161_2,2,22,5,9,19,4,17,11,10,13,6,15,18,3,12,20,14,0,0,7,8,21,16,1
161_3,18,20,0,6,9,12,5,21,7,11,17,1,4,3,10,15,19,13,22,16,0,2,14,8
162_1,17,11,0,13,0,4,12,0,19,1,3,10,16,8,5,15,6,14,0,9,18,0,2,7
162_2,12,15,9,13,0,10,11,16,8,0,3,14,0,4,19,18,2,0,0,6,1,7,17,5
162_3,0,18,0,3,13,19,9,7,6,16,11,5,10,4,8,14,0,0,15,17,0,12,2,1
163_1,10,14,0,1,0,13,9,0,15,7,2,19,8,5,11,16,17,6,0,4,3,0,18,12
163_2,9,16,4,1,0,19,14,8,5,0,2,6,0,13,15,3,18,0,0,17,7,12,10,11
163_3,0,3,0,2,1,15,4,12,17,8,14,11,19,13,5,6,0,0,16,10,0,9,18,7
164_1,20,16,0,7,10,3,13,0,5,1,6,17,9,2,8,12,15,18,14,19,21,0,11,4
164_2,13,12,19,7,10,17,16,9,2,14,6,18,0,3,5,21,11,0,0,15,1,4,20,8
165_1,8,6,0,10,17,2,7,0,22,1,13,5,11,9,4,21,3,14,16,19,18,12,15,20
165_2,7,21,19,10,17,5,6,11,9,16,13,14,12,2,22,18,15,0,0,3,1,20,8,4
165_3,12,18,0,13,10,22,19,20,3,11,6,4,5,2,9,14,17,16,21,8,0,7,15,1
166_1,18,13,0,17,19,3,6,0,10,1,7,4,15,8,2,22,5,20,9,11,16,12,14,21
166_2,6,22,11,17,19,4,13,15,8,9,7,20,12,3,10,16,14,0,0,5,1,21,18,2
167_1,14,17,0,16,0,2,1,0,15,13,12,6,18,7,9,0,8,3,0,4,11,0,5,10
167_2,1,0,4,16,0,6,17,18,7,0,12,3,0,2,15,11,5,0,0,8,13,10,14,9
168_1,7,17,0,9,0,2,18,0,20,4,13,15,5,3,12,16,11,10,6,19,14,0,1,8
168_3,0,14,0,13,9,20,19,8,11,5,17,12,15,2,3,10,0,6,16,7,0,18,1,4
169_1,15,21,0,17,11,3,6,0,7,2,4,1,13,12,5,19,20,9,10,8,16,14,22,18
16_1,1,16,0,15,0,10,5,0,6,7,3,0,8,4,14,0,9,2,0,12,11,0,13,17
16_2,5,0,12,15,0,0,16,8,4,0,3,2,0,10,6,11,13,0,0,9,7,17,1,14
16_3,0,11,0,3,15,6,12,17,9,8,16,14,0,10,4,2,0,0,0,1,0,5,13,7
170_1,8,15,0,12,0,9,4,0,20,16,2,14,3,5,19,10,13,6,11,7,17,0,1,18
170_2,4,10,7,12,0,14,15,3,5,11,2,6,0,9,20,17,1,0,0,13,16,18,8,19
171_1,2,15,0,12,0,6,14,0,0,9,3,0,7,5,1,0,8,13,0,4,10,0,0,11
171_2,14,0,4,12,0,0,15,7,5,0,3,13,0,6,0,10,0,0,0,8,9,11,2,1
171_3,0,10,0,3,12,0,4,11,8,7,15,1,0,6,5,13,0,0,0,2,0,14,0,9
172_1,12,13,0,9,3,16,2,0,14,1,8,5,22,19,7,4,6,21,17,11,18,10,20,15
172_2,2,4,11,9,3,5,13,22,19,17,8,21,10,16,14,18,20,0,0,6,1,15,12,7
172_3,10,18,0,8,9,14,11,15,6,22,13,7,5,16,19,21,3,17,4,12,0,2,20,1
173_1,17,12,0,15,9,3,11,0,1,2,4,21,19,10,6,14,8,13,18,7,16,0,5,20
173_2,11,14,7,15,9,21,12,19,10,18,4,13,0,3,1,16,5,0,0,8,2,20,17,6
173_3,0,16,0,4,15,1,7,20,8,19,12,6,21,3,10,13,9,18,14,17,0,11,5,2
174_1,11,14,0,16,0,18,6,0,8,5,4,9,3,10,15,0,7,2,0,12,1,0,17,13
175_1,19,16,0,1,0,7,3,0,14,12,11,18,5,6,15,17,10,8,0,13,2,0,9,4
175_2,3,17,13,1,0,18,16,5,6,0,11,8,0,7,14,2,9,0,0,10,12,4,19,15
175_3,0,2,0,11,1,14,13,4,10,5,16,15,18,7,6,8,0,0,17,19,0,3,9,12
176_1,6,17,0,3,18,11,4,0,8,15,2,19,10,5,12,13,7,16,20,1,21,0,14,9
176_2,4,13,1,3,18,19,17,10,5,20,2,16,0,11,8,21,14,0,0,7,15,9,6,12
177_2,10,0,7,15,0,8,1,3,5,0,18,6,0,13,11,2,17,0,0,4,9,12,16,14
177_3,0,2,0,18,15,11,7,12,4,3,1,14,8,13,5,6,0,0,0,16,0,10,17,9
178_1,6,19,0,2,10,7,3,0,15,20,1,12,21,8,11,17,16,9,18,5,4,0,13,14
178_2,3,17,5,2,10,12,19,21,8,18,1,9,0,7,15,4,13,0,0,16,20,14,6,11
178_3,0,4,0,1,2,15,5,14,16,21,19,11,12,7,8,9,10,18,17,6,0,3,13,20
179_2,1,20,10,16,13,19,9,8,14,15,4,3,0,6,11,2,12,0,0,21,18,5,7,17
179_3,0,2,0,4,16,11,10,5,21,8,9,17,19,6,14,3,13,15,20,7,0,1,12,18
17_1,4,3,0,5,0,8,16,0,10,7,12,19,13,9,14,18,20,6,11,17,1,0,15,2
17_2,16,18,17,5,0,19,3,13,9,11,12,6,0,8,10,1,15,0,0,20,7,2,4,14
17_3,0,1,0,12,5,10,17,2,20,13,3,14,19,8,9,6,0,11,18,4,0,16,15,7
180_1,2,3,0,14,0,5,7,0,17,15,12,11,1,18,10,0,6,16,0,8,4,0,13,9
180_2,7,0,8,14,0,11,3,1,18,0,12,16,0,5,17,4,13,0,0,6,15,9,2,10
180_3,0,4,0,12,14,17,8,9,6,1,3,10,11,5,18,16,0,0,0,2,0,7,13,15
181_1,3,19,0,4,0,8,13,0,18,14,11,12,10,1,5,15,6,16,0,9,7,0,17,2
181_3,0,7,0,11,4,18,9,2,6,10,19,5,12,8,1,16,0,0,15,3,0,13,17,14
182_1,8,4,0,10,0,13,1,0,18,17,11,12,5,14,16,6,19,15,0,7,3,0,9,2
182_2,1,6,7,10,0,12,4,5,14,0,11,15,0,13,18,3,9,0,0,19,17,2,8,16
183_1,10,4,0,19,13,11,12,0,21,18,14,15,9,7,5,20,17,8,16,2,1,0,6,3
183_2,12,20,2,19,13,15,4,9,7,16,14,8,0,11,21,1,6,0,0,17,18,3,10,5
183_3,0,1,0,14,19,21,2,3,17,9,4,5,15,11,7,8,13,16,20,10,0,12,6,18
184_1,1,5,0,18,0,11,9,0,13,3,10,8,14,6,12,0,17,16,0,7,4,0,15,2
184_2,9,0,7,18,0,8,5,14,6,0,10,16,0,11,13,4,15,0,0,17,3,2,1,12
184_3,0,4,0,10,18,13,7,2,17,14,5,12,8,11,6,16,0,0,0,1,0,9,15,3
185_1,4,20,0,1,22,11,2,0,9,14,13,12,15,3,8,21,16,18,17,7,5,6,19,10
185_3,6,5,0,13,1,9,7,10,16,15,20,8,12,11,3,18,22,17,21,4,0,2,19,14
186_2,4,17,9,2,7,11,19,5,12,6,16,20,0,13,18,1,8,0,0,14,21,10,3,15
186_3,0,1,0,16,2,18,9,10,14,5,19,15,11,13,12,20,7,6,17,3,0,4,8,21
187_1,8,11,0,16,0,12,5,0,17,14,19,3,13,7,10,9,2,15,0,4,6,0,18,1
187_2,5,9,4,16,0,3,11,13,7,0,19,15,0,12,17,6,18,0,0,2,14,1,8,10
188_1,10,1,0,9,0,12,2,0,16,7,14,18,4,5,8,17,19,15,0,11,3,0,13,6
188_2,2,17,11,9,0,18,1,4,5,0,14,15,0,12,16,3,13,0,0,19,7,6,10,8
189_1,4,1,0,15,0,16,6,0,0,10,13,0,3,5,9,0,8,12,0,7,2,0,14,11
189_2,6,0,7,15,0,0,1,3,5,0,13,12,0,16,0,2,14,0,0,8,10,11,4,9
189_3,0,2,0,13,15,0,7,11,8,3,1,9,0,16,5,12,0,0,0,4,0,6,14,10
18_1,15,11,0,6,0,5,9,0,0,2,13,0,3,4,14,0,12,8,0,10,1,0,7,16
18_2,9,0,10,6,0,0,11,3,4,0,13,8,0,5,0,1,7,0,0,12,2,16,15,14
18_3,0,1,0,13,6,0,10,16,12,3,11,14,0,5,4,8,0,0,0,15,0,9,7,2
190_1,6,16,0,1,0,19,4,0,9,15,10,18,11,12,2,20,3,17,13,7,5,0,14,8
190_2,4,20,7,1,0,18,16,11,12,13,10,17,0,19,9,5,14,0,0,3,15,8,6,2
191_1,5,11,0,13,0,10,14,0,0,7,6,0,3,4,15,0,1,12,0,9,2,0,0,8
191_2,14,0,9,13,0,0,11,3,4,0,6,12,0,10,0,2,0,0,0,1,7,8,5,15
191_3,0,2,0,6,13,0,9,8,1,3,11,15,0,10,4,12,0,0,0,5,0,14,0,7
192_1,1,5,0,13,0,12,20,0,14,3,7,17,6,8,4,19,10,11,15,9,2,0,16,18
192_2,20,19,9,13,0,17,5,6,8,15,7,11,0,12,14,2,16,0,0,10,3,18,1,4
192_3,0,2,0,7,13,14,9,18,10,6,5,4,17,12,8,11,0,15,19,1,0,20,16,3
193_1,3,5,0,19,21,14,17,0,16,15,1,9,13,10,8,22,7,4,20,12,6,18,11,2
193_2,17,22,12,19,21,9,5,13,10,20,1,4,18,14,16,6,11,0,0,7,15,2,3,8
194_1,2,5,0,11,0,10,15,0,19,6,4,17,20,7,3,16,8,13,18,9,1,0,14,12
194_2,15,16,9,11,0,17,5,20,7,18,4,13,0,10,19,1,14,0,0,8,6,12,2,3
195_1,3,17,0,21,13,12,14,0,15,11,5,10,16,4,6,19,20,8,18,7,2,0,9,1
195_2,14,19,7,21,13,10,17,16,4,18,5,8,0,12,15,2,9,0,0,20,11,1,3,6
195_3,0,2,0,5,21,15,7,1,20,16,17,6,10,12,4,8,13,18,19,3,0,14,9,11
196_2,11,14,12,10,0,19,6,16,3,0,4,13,0,9,15,2,17,0,0,8,18,7,1,5
196_3,0,2,0,4,10,15,12,7,8,16,6,5,19,9,3,13,0,0,14,1,0,11,17,18
197_1,11,9,0,15,0,3,10,0,8,17,13,0,2,4,5,0,14,6,0,16,1,0,12,7
197_2,10,0,16,15,0,0,9,2,4,0,13,6,0,3,8,1,12,0,0,14,17,7,11,5
197_3,0,1,0,13,15,8,16,7,14,2,9,5,0,3,4,6,0,0,0,11,0,10,12,17
198_2,3,7,13,19,21,16,15,6,10,17,1,5,20,22,12,4,18,0,0,11,14,2,9,8
198_3,20,4,0,1,19,12,13,2,11,6,15,8,16,22,10,5,21,17,7,9,0,3,18,14
199_1,4,18,0,13,22,20,1,0,9,16,3,15,12,11,10,8,5,7,17,19,2,21,14,6
199_2,1,8,19,13,22,15,18,12,11,17,3,7,21,20,9,2,14,0,0,5,16,6,4,10
19_1,10,1,0,11,0,8,4,0,14,17,2,16,7,19,13,15,12,3,0,9,5,0,18,6
19_2,4,15,9,11,0,16,1,7,19,0,2,3,0,8,14,5,18,0,0,12,17,6,10,13
19_3,0,5,0,2,11,14,9,6,12,7,1,13,16,8,19,3,0,0,15,10,0,4,18,17
1_1,15,3,0,1,0,17,19,0,11,13,14,6,7,5,16,10,9,4,0,12,8,0,2,18
1_2,19,10,12,1,0,6,3,7,5,0,14,4,0,17,11,8,2,0,0,9,13,18,15,16
1_3,0,8,0,14,1,11,12,18,9,7,3,16,6,17,5,4,0,0,10,15,0,19,2,13
200_1,1,4,0,13,0,10,8,0,16,12,11,0,15,3,2,0,5,6,0,7,9,0,17,14
200_2,8,0,7,13,0,0,4,15,3,0,11,6,0,10,16,9,17,0,0,5,12,14,1,2
200_3,0,9,0,11,13,16,7,14,5,15,4,2,0,10,3,6,0,0,0,1,0,8,17,12
201_1,10,15,0,16,0,13,1,0,17,20,6,5,3,8,14,19,9,4,18,11,2,0,12,7
201_3,0,2,0,6,16,17,11,7,9,3,15,14,5,13,8,4,0,18,19,10,0,1,12,20
202_2,1,5,16,12,18,19,17,13,10,20,3,6,0,15,14,2,11,0,0,7,21,4,9,8
202_3,0,2,0,3,12,14,16,4,7,13,17,8,19,15,10,6,18,20,5,9,0,1,11,21
203_1,2,10,0,0,0,11,12,0,0,7,3,0,1,8,5,0,9,4,0,6,13,0,0,14
203_3,0,13,0,3,0,0,6,14,9,1,10,5,0,11,8,4,0,0,0,2,0,12,0,7
204_1,8,16,0,15,21,11,2,0,14,22,3,17,6,10,9,7,12,5,20,13,1,19,18,4
204_3,19,1,0,3,15,14,13,4,12,6,16,9,17,11,10,5,21,20,7,8,0,2,18,22
205_1,2,11,0,12,0,5,16,0,10,7,9,19,6,13,1,20,15,14,18,8,4,0,17,3
205_2,16,20,8,12,0,19,11,6,13,18,9,14,0,5,10,4,17,0,0,15,7,3,2,1
205_3,0,4,0,9,12,10,8,3,15,6,11,1,19,5,13,14,0,18,20,2,0,16,17,7
206_1,11,14,0,13,0,17,1,0,15,12,7,6,8,10,9,20,3,5,19,18,4,0,16,2
206_2,1,20,18,13,0,6,14,8,10,19,7,5,0,17,15,4,16,0,0,3,12,2,11,9
206_3,0,4,0,7,13,15,18,2,3,8,14,9,6,17,10,5,0,19,20,11,0,1,16,12
207_1,15,16,0,8,0,14,6,0,0,4,1,0,3,10,7,0,13,5,0,9,2,0,12,11
207_2,6,0,9,8,0,0,16,3,10,0,1,5,0,14,0,2,12,0,0,13,4,11,15,7
207_3,0,2,0,1,8,0,9,11,13,3,16,7,0,14,10,5,0,0,0,15,0,6,12,4
208_1,15,5,0,14,21,18,19,0,7,11,1,17,10,9,2,3,20,6,16,13,8,0,12,4
208_2,19,3,13,14,21,17,5,10,9,16,1,6,0,18,7,8,12,0,0,20,11,4,15,2
208_3,0,8,0,1,14,7,13,4,20,10,5,2,17,18,9,6,21,16,3,15,0,19,12,11
209_1,9,16,0,19,0,4,7,0,15,3,10,18,1,13,2,12,11,8,0,5,14,0,17,6
209_2,7,12,5,19,0,18,16,1,13,0,10,8,0,4,15,14,17,0,0,11,3,6,9,2
209_3,0,14,0,10,19,15,5,6,11,1,16,2,18,4,13,8,0,0,12,9,0,7,17,3
20_2,19,17,9,6,12,20,16,5,7,11,13,2,0,4,8,18,21,0,0,10,3,1,14,15
20_3,0,18,0,13,6,8,9,1,10,5,16,15,20,4,7,2,12,11,17,14,0,19,21,3
210_1,10,7,0,5,0,8,14,0,17,15,6,13,2,12,1,19,11,3,0,4,9,0,18,16
210_2,14,19,4,5,0,13,7,2,12,0,6,3,0,8,17,9,18,0,0,11,15,16,10,1
210_3,0,9,0,6,5,17,4,16,11,2,7,1,13,8,12,3,0,0,19,10,0,14,18,15
211_1,12,7,0,16,0,2,15,0,0,8,13,0,14,3,5,0,6,10,0,1,4,0,11,9
211_2,15,0,1,16,0,0,7,14,3,0,13,10,0,2,0,4,11,0,0,6,8,9,12,5
211_3,0,4,0,13,16,0,1,9,6,14,7,5,0,2,3,10,0,0,0,12,0,15,11,8
212_1,12,4,0,18,20,22,10,0,11,6,1,14,15,9,2,21,16,13,8,17,3,19,7,5
212_3,19,3,0,1,18,11,17,5,16,15,4,2,14,22,9,13,20,8,21,12,0,10,7,6
213_1,9,3,0,16,0,13,10,0,12,17,1,0,5,2,6,0,8,14,0,7,4,0,15,11
213_2,10,0,7,16,0,0,3,5,2,0,1,14,0,13,12,4,15,0,0,8,17,11,9,6
213_3,0,4,0,1,16,12,7,11,8,5,3,6,0,13,2,14,0,0,0,9,0,10,15,17
214_1,3,9,0,16,0,8,17,0,20,2,1,13,5,11,10,19,15,4,18,14,6,0,12,7
214_3,0,6,0,1,16,20,14,7,15,5,9,10,13,8,11,4,0,18,19,3,0,17,12,2
215_1,4,7,0,15,0,13,18,0,12,20,2,11,6,9,10,14,8,1,17,16,3,0,5,19
215_2,18,14,16,15,0,11,7,6,9,17,2,1,0,13,12,3,5,0,0,8,20,19,4,10
215_3,0,3,0,2,15,12,16,19,8,6,7,10,11,13,9,1,0,17,14,4,0,18,5,20
216_1,13,10,0,16,0,2,1,0,0,4,15,0,3,9,6,0,14,5,0,8,7,0,12,11
216_2,1,0,8,16,0,0,10,3,9,0,15,5,0,2,0,7,12,0,0,14,4,11,13,6
216_3,0,7,0,15,16,0,8,11,14,3,10,6,0,2,9,5,0,0,0,13,0,1,12,4
217_1,3,20,0,19,0,9,17,0,2,15,4,13,12,11,1,14,8,5,16,10,6,0,7,18
217_2,17,14,10,19,0,13,20,12,11,16,4,5,0,9,2,6,7,0,0,8,15,18,3,1
217_3,0,6,0,4,19,2,10,18,8,12,20,1,13,9,11,5,0,16,14,3,0,17,7,15
218_2,5,14,18,6,0,15,2,1,3,9,16,10,0,20,8,4,7,0,0,17,11,19,12,13
218_3,0,4,0,16,6,8,18,19,17,1,2,13,15,20,3,10,0,9,14,12,0,5,7,11
219_1,6,9,0,10,0,12,16,0,17,19,5,13,11,4,7,8,1,2,18,15,3,0,14,20
219_2,16,8,15,10,0,13,9,11,4,18,5,2,0,12,17,3,14,0,0,1,19,20,6,7
219_3,0,3,0,5,10,17,15,20,1,11,9,7,13,12,4,2,0,18,8,6,0,16,14,19
21_1,15,2,0,12,0,7,8,0,11,16,1,0,6,10,13,0,17,5,0,3,4,0,14,9
21_2,8,0,3,12,0,0,2,6,10,0,1,5,0,7,11,4,14,0,0,17,16,9,15,13
21_3,0,4,0,1,12,11,3,9,17,6,2,13,0,7,10,5,0,0,0,15,0,8,14,16
220_1,18,10,0,8,0,1,13,0,4,20,3,19,9,12,6,17,11,5,15,2,7,0,16,14
220_2,13,17,2,8,0,19,10,9,12,15,3,5,0,1,4,7,16,0,0,11,20,14,18,6
220_3,0,7,0,3,8,4,2,14,11,9,10,6,19,1,12,5,0,15,17,18,0,13,16,20
221_2,14,0,12,6,0,0,8,11,3,0,5,13,0,4,16,2,10,0,0,15,1,7,9,17
221_3,0,2,0,5,6,16,12,7,15,11,8,17,0,4,3,13,0,0,0,9,0,14,10,1
222_1,14,4,0,8,0,10,16,0,15,6,5,7,2,13,12,0,1,17,0,3,9,0,11,18
222_3,0,9,0,5,8,15,3,18,1,2,4,12,7,10,13,17,0,0,0,14,0,16,11,6
223_1,4,7,0,13,22,16,17,0,6,19,11,18,1,10,2,8,12,3,9,15,5,21,14,20
223_2,17,8,15,13,22,18,7,1,10,9,11,3,21,16,6,5,14,0,0,12,19,20,4,2
223_3,21,5,0,11,13,6,15,20,12,1,7,2,18,16,10,3,22,9,8,4,0,17,14,19
224_2,16,0,3,7,0,0,8,1,6,0,9,10,0,13,17,15,12,0,0,5,4,2,14,11
224_3,0,15,0,9,7,17,3,2,5,1,8,11,0,13,6,10,0,0,0,14,0,16,12,4
225_1,16,11,0,1,20,4,21,0,12,13,7,18,15,5,6,19,10,3,8,2,9,0,14,17
225_2,21,19,2,1,20,18,11,15,5,8,7,3,0,4,12,9,14,0,0,10,13,17,16,6
225_3,0,9,0,7,1,12,2,17,10,15,11,6,18,4,5,3,20,8,19,16,0,21,14,13
226_1,19,15,0,21,12,7,14,0,20,10,8,4,16,2,11,13,9,3,17,5,6,22,1,18
226_3,22,6,0,8,21,20,5,18,9,16,15,11,4,7,2,3,12,17,13,19,0,14,1,10
227_1,4,9,0,17,0,15,16,0,8,12,10,0,1,3,7,0,11,6,0,5,2,0,13,14
227_2,16,0,5,17,0,0,9,1,3,0,10,6,0,15,8,2,13,0,0,11,12,14,4,7
227_3,0,2,0,10,17,8,5,14,11,1,9,7,0,15,3,6,0,0,0,4,0,16,13,12
228_1,5,13,0,20,9,19,12,0,17,7,11,4,21,6,15,16,8,10,18,2,1,0,3,14
228_3,0,1,0,11,20,17,2,14,8,21,13,15,4,19,6,10,9,18,16,5,0,12,3,7
229_1,11,1,0,0,0,6,0,0,0,8,9,0,2,10,3,0,12,7,0,4,5,0,0,0
229_2,0,0,4,0,0,0,1,2,10,0,9,7,0,6,0,5,0,0,0,12,8,0,11,3
229_3,0,5,0,9,0,0,4,0,12,2,1,3,0,6,10,7,0,0,0,11,0,0,0,8
22_1,9,1,0,6,0,7,17,0,16,13,4,12,18,8,14,0,15,3,0,5,2,0,11,10
22_3,0,2,0,4,6,16,5,10,15,18,1,14,12,7,8,3,0,0,0,9,0,17,11,13
230_3,0,5,0,12,0,0,6,10,9,7,8,3,0,2,1,13,0,0,0,4,0,0,0,11
231_1,15,13,0,1,0,16,17,0,19,3,8,5,2,7,10,18,6,11,0,14,9,0,4,12
231_2,17,18,14,1,0,5,13,2,7,0,8,11,0,16,19,9,4,0,0,6,3,12,15,10
231_3,0,9,0,8,1,19,14,12,6,2,13,10,5,16,7,11,0,0,18,15,0,17,4,3
232_1,16,15,0,5,0,9,18,0,17,14,2,6,12,4,11,0,8,3,0,10,7,0,13,1
232_2,18,0,10,5,0,6,15,12,4,0,2,3,0,9,17,7,13,0,0,8,14,1,16,11
232_3,0,7,0,2,5,17,10,1,8,12,15,11,6,9,4,3,0,0,0,16,0,18,13,14
233_1,10,15,0,6,0,17,16,0,18,3,11,7,12,5,9,0,13,2,0,1,8,0,14,4
233_2,16,0,1,6,0,7,15,12,5,0,11,2,0,17,18,8,14,0,0,13,3,4,10,9
234_2,17,0,6,1,0,10,12,15,4,0,2,7,0,9,16,5,18,0,0,14,8,3,13,11
234_3,0,5,0,2,1,16,6,3,14,15,12,11,10,9,4,7,0,0,0,13,0,17,18,8
235_1,4,8,0,12,0,10,6,0,17,5,14,0,13,1,11,0,7,3,0,2,9,0,16,15
235_3,0,9,0,14,12,17,2,15,7,13,8,11,0,10,1,3,0,0,0,4,0,6,16,5
236_1,14,4,0,15,0,16,12,0,0,10,9,0,11,2,7,0,13,5,0,1,3,0,8,6
236_3,0,3,0,9,15,0,1,6,13,11,4,7,0,16,2,5,0,0,0,14,0,12,8,10
237_1,12,13,0,0,0,2,0,0,0,7,10,0,1,4,3,0,11,9,0,8,6,0,0,5
238_1,16,12,0,17,0,9,1,0,18,6,14,20,13,3,15,10,8,2,19,4,7,0,5,11
238_2,1,10,4,17,0,20,12,13,3,19,14,2,0,9,18,7,5,0,0,8,6,11,16,15
238_3,0,7,0,14,17,18,4,11,8,13,12,15,20,9,3,2,0,19,10,16,0,1,5,6
239_1,10,12,0,11,0,7,18,0,17,2,13,6,9,3,8,0,15,4,0,5,16,0,14,1
239_2,18,0,5,11,0,6,12,9,3,0,13,4,0,7,17,16,14,0,0,15,2,1,10,8
239_3,0,16,0,13,11,17,5,1,15,9,12,8,6,7,3,4,0,0,0,10,0,18,14,2
23_2,6,0,7,18,0,9,1,15,16,0,2,3,0,5,14,4,13,0,0,11,17,10,12,8
23_3,0,4,0,2,18,14,7,10,11,15,1,8,9,5,16,3,0,0,0,12,0,6,13,17
24_2,13,17,5,16,0,18,14,7,4,9,19,3,0,8,20,1,11,0,0,15,2,12,6,10
24_3,0,1,0,19,16,20,5,12,15,7,14,10,18,8,4,3,0,9,17,6,0,13,11,2
25_1,2,8,0,18,0,13,3,0,20,5,15,12,10,19,14,16,6,1,17,4,9,0,7,11
25_2,3,16,4,18,0,12,8,10,19,17,15,1,0,13,20,9,7,0,0,6,5,11,2,14
25_3,0,9,0,15,18,20,4,11,6,10,8,14,12,13,19,1,0,17,16,2,0,3,7,5
26_1,18,6,0,12,0,5,13,0,16,8,14,11,3,17,15,0,9,2,0,4,1,0,10,7
26_2,13,0,4,12,0,11,6,3,17,0,14,2,0,5,16,1,10,0,0,9,8,7,18,15
26_3,0,1,0,14,12,16,4,7,9,3,6,15,11,5,17,2,0,0,0,18,0,13,10,8
27_1,2,18,0,20,0,11,5,0,13,4,12,8,3,15,17,19,10,6,16,7,1,0,9,14
27_3,0,1,0,12,20,13,7,14,10,3,18,17,8,11,15,6,0,16,19,2,0,5,9,4
28_1,1,10,0,20,0,12,9,0,13,5,16,15,3,17,18,19,4,7,14,6,2,0,8,11
28_2,9,19,6,20,0,15,10,3,17,14,16,7,0,12,13,2,8,0,0,4,5,11,1,18
28_3,0,2,0,16,20,13,6,11,4,3,10,18,15,12,17,7,0,14,19,1,0,9,8,5
29_1,18,1,0,12,0,9,14,0,6,10,5,15,19,8,11,17,16,3,0,4,2,0,13,7
29_2,14,17,4,12,0,15,1,19,8,0,5,3,0,9,6,2,13,0,0,16,10,7,18,11
29_3,0,2,0,5,12,6,4,7,16,19,1,11,15,9,8,3,0,0,17,18,0,14,13,10
2_1,16,2,0,9,0,11,3,0,4,13,6,18,14,1,15,0,12,8,0,5,10,0,17,7
2_2,3,0,5,9,0,18,2,14,1,0,6,8,0,11,4,10,17,0,0,12,13,7,16,15
2_3,0,10,0,6,9,4,5,7,12,14,2,15,18,11,1,8,0,0,0,16,0,3,17,13
30_1,3,11,0,19,0,8,15,0,17,6,5,10,7,13,18,20,12,1,14,4,2,0,9,16
30_2,15,20,4,19,0,10,11,7,13,14,5,1,0,8,17,2,9,0,0,12,6,16,3,18
30_3,0,2,0,5,19,17,4,16,12,7,11,18,10,8,13,1,0,14,20,3,0,15,9,6
31_1,5,16,0,19,0,10,6,0,18,8,20,1,2,4,17,13,9,11,15,7,12,0,3,14
31_2,6,13,7,19,0,1,16,2,4,15,20,11,0,10,18,12,3,0,0,9,8,14,5,17
31_3,0,12,0,20,19,18,7,14,9,2,16,17,1,10,4,11,0,15,13,5,0,6,3,8
32_1,1,18,0,19,0,8,12,0,14,4,16,5,7,9,10,20,6,3,17,11,2,0,13,15
32_2,12,20,11,19,0,5,18,7,9,17,16,3,0,8,14,2,13,0,0,6,4,15,1,10
337_1,1,8,0,6,11,4,9,0,15,17,3,14,16,2,19,13,7,20,21,18,5,22,12,10
337_2,9,13,18,6,11,14,8,16,2,21,3,20,22,4,15,5,12,0,0,7,17,10,1,19
337_3,22,5,0,3,6,15,18,10,7,16,8,19,14,4,2,20,11,21,13,1,0,9,12,17
338_1,11,7,0,12,0,5,9,0,16,3,6,0,4,10,15,0,2,1,0,14,8,0,17,13
338_2,9,0,14,12,0,0,7,4,10,0,6,1,0,5,16,8,17,0,0,2,3,13,11,15
338_3,0,8,0,6,12,16,14,13,2,4,7,15,0,5,10,1,0,0,0,11,0,9,17,3
339_1,15,1,0,10,0,3,11,0,9,2,18,16,4,13,12,20,14,5,19,17,8,0,6,7
339_2,11,20,17,10,0,16,1,4,13,19,18,5,0,3,9,8,6,0,0,14,2,7,15,12
339_3,0,8,0,18,10,9,17,7,14,4,1,12,16,3,13,5,0,19,20,15,0,11,6,2
33_1,5,7,0,9,0,11,15,0,12,1,6,0,3,14,17,0,8,4,0,2,16,0,13,10
33_2,15,0,2,9,0,0,7,3,14,0,6,4,0,11,12,16,13,0,0,8,1,10,5,17
340_1,12,9,0,16,0,1,5,0,17,11,15,18,3,14,13,0,2,7,0,8,10,0,4,6
340_2,5,0,8,16,0,18,9,3,14,0,15,7,0,1,17,10,4,0,0,2,11,6,12,13
340_3,0,10,0,15,16,17,8,6,2,3,9,13,18,1,14,7,0,0,0,12,0,5,4,11
341_1,12,2,0,22,21,11,6,0,9,1,17,15,18,4,7,13,5,8,16,10,3,20,19,14
341_2,6,13,10,22,21,15,2,18,4,16,17,8,20,11,9,3,19,0,0,5,1,14,12,7
341_3,20,3,0,17,22,9,10,14,5,18,2,7,15,11,4,8,21,16,13,12,0,6,19,1
342_1,6,2,0,13,22,8,7,0,15,10,4,14,3,19,17,12,1,18,20,16,5,21,11,9
342_3,21,5,0,4,13,15,16,9,1,3,2,17,14,8,19,18,22,20,12,6,0,7,11,10
343_1,3,4,20,5,9,6,15,23,24,10,8,14,7,12,21,11,1,17,19,18,2,22,13,16
343_2,15,11,18,5,9,14,4,7,12,19,8,17,22,6,24,2,13,23,20,1,10,16,3,21
343_3,22,2,20,8,5,24,18,16,1,7,4,21,14,6,12,17,9,19,11,3,23,15,13,10
344_1,1,7,20,3,11,13,22,0,4,10,23,15,9,5,17,12,2,21,14,8,6,19,18,16
344_2,22,12,8,3,11,15,7,9,5,14,23,21,19,13,4,6,18,0,20,2,10,16,1,17
344_3,19,6,20,23,3,4,8,16,2,9,7,17,15,13,5,21,11,14,12,1,0,22,18,10
345_2,12,13,7,8,20,11,6,19,9,18,22,10,21,14,4,2,17,0,0,1,5,3,16,15
345_3,21,2,0,22,8,4,7,3,1,19,6,15,11,14,9,10,20,18,13,16,0,12,17,5
346_1,23,8,21,22,13,4,16,0,11,10,20,14,3,5,19,15,1,17,9,18,2,12,7,6
346_2,16,15,18,22,13,14,8,3,5,9,20,17,12,4,11,2,7,0,21,1,10,6,23,19
346_3,12,2,21,20,22,11,18,6,1,3,8,19,14,4,5,17,13,9,15,23,0,16,7,10
347_1,11,3,0,8,16,9,19,0,20,5,1,10,7,2,18,13,6,21,12,15,4,17,14,22
347_2,19,13,15,8,16,10,3,7,2,12,1,21,17,9,20,4,14,0,0,6,5,22,11,18
348_1,1,14,22,23,6,7,16,0,11,12,4,17,8,2,21,15,3,18,10,20,5,19,13,9
348_2,16,15,20,23,6,17,14,8,2,10,4,18,19,7,11,5,13,0,22,3,12,9,1,21
348_3,19,5,22,4,23,11,20,9,3,8,14,21,17,7,2,18,6,10,15,1,0,16,13,12
349_1,3,2,0,11,10,9,21,0,19,7,6,16,4,14,20,12,5,17,8,22,1,18,15,13
349_2,21,12,22,11,10,16,2,4,14,8,6,17,18,9,19,1,15,0,0,5,7,13,3,20
34_2,18,11,4,9,0,19,10,5,13,0,16,2,0,6,7,1,15,0,0,12,8,14,3,17
34_3,0,1,0,16,9,7,4,14,12,5,10,17,19,6,13,2,0,0,11,3,0,18,15,8
350_1,11,7,0,9,19,2,20,0,10,8,16,14,17,18,3,6,1,22,15,5,4,21,13,12
350_2,20,6,5,9,19,14,7,17,18,15,16,22,21,2,10,4,13,0,0,1,8,12,11,3
350_3,21,4,0,16,9,10,5,12,1,17,7,3,14,2,18,22,19,15,6,11,0,20,13,8
351_1,4,9,22,8,15,20,7,0,16,23,11,17,18,5,6,10,12,14,13,1,3,19,21,2
351_2,7,10,1,8,15,17,9,18,5,13,11,14,19,20,16,3,21,0,22,12,23,2,4,6
351_3,19,3,22,11,8,16,1,2,12,18,9,6,17,20,5,14,15,13,10,4,0,7,21,23
352_1,7,1,0,12,0,8,6,0,11,2,16,18,14,13,17,0,4,9,0,3,5,0,10,15
352_3,0,5,0,16,12,11,3,15,4,14,1,17,18,8,13,9,0,0,0,7,0,6,10,2
353_1,7,2,24,17,11,13,10,23,9,18,19,16,21,5,8,15,14,6,12,3,4,20,22,1
353_2,10,15,3,17,11,16,2,21,5,12,19,6,20,13,9,4,22,23,24,14,18,1,7,8
354_1,10,2,22,16,4,12,7,23,24,21,20,14,19,11,6,13,17,8,15,3,5,18,9,1
354_3,18,5,22,20,16,24,3,1,17,19,2,6,14,12,11,8,4,15,13,10,23,7,9,21
355_1,3,5,0,22,20,11,7,0,16,18,19,8,17,13,9,14,10,6,15,4,2,21,12,1
355_2,7,14,4,22,20,8,5,17,13,15,19,6,21,11,16,2,12,0,0,10,18,1,3,9
355_3,21,2,0,19,22,16,4,1,10,17,5,9,8,11,13,6,20,15,14,3,0,7,12,18
35_2,13,0,10,15,0,14,4,5,16,0,12,2,0,6,9,3,7,0,0,11,8,17,1,18
35_3,0,3,0,12,15,9,10,17,11,5,4,18,14,6,16,2,0,0,0,1,0,13,7,8
36_2,13,19,4,22,18,8,9,11,12,17,5,10,20,2,14,3,6,0,0,16,15,7,21,1
36_3,20,3,0,5,22,14,4,7,16,11,9,1,8,2,12,10,18,17,19,21,0,13,6,15
37_2,16,13,1,8,0,20,9,10,7,15,6,18,0,4,14,2,17,0,0,12,5,19,11,3
37_3,0,2,0,6,8,14,1,19,12,10,9,3,20,4,7,18,0,15,13,11,0,16,17,5
38_1,20,10,0,7,0,5,14,0,16,1,6,19,9,13,4,11,12,15,18,3,2,0,17,8
38_2,14,11,3,7,0,19,10,9,13,18,6,15,0,5,16,2,17,0,0,12,1,8,20,4
38_3,0,2,0,6,7,16,3,8,12,9,10,4,19,5,13,15,0,18,11,20,0,14,17,1
39_1,14,10,0,17,0,5,9,0,16,6,12,0,7,8,4,0,15,1,0,3,2,0,13,11
39_2,9,0,3,17,0,0,10,7,8,0,12,1,0,5,16,2,13,0,0,15,6,11,14,4
39_3,0,2,0,12,17,16,3,11,15,7,10,4,0,5,8,1,0,0,0,14,0,9,13,6
3_1,10,14,0,2,0,9,18,0,1,17,12,15,11,19,13,3,16,7,8,20,6,0,4,5
40_1,19,16,0,18,20,5,11,0,7,3,9,21,15,6,12,10,14,17,13,1,2,0,4,8
40_2,11,10,1,18,20,21,16,15,6,13,9,17,0,5,7,2,4,0,0,14,3,8,19,12
40_3,0,2,0,9,18,7,1,8,14,15,16,12,21,5,6,17,20,13,10,19,0,11,4,3
41_1,19,10,0,7,0,2,17,0,18,4,8,11,16,5,6,15,14,9,20,3,1,0,13,12
41_2,17,15,3,7,0,11,10,16,5,20,8,9,0,2,18,1,13,0,0,14,4,12,19,6
42_1,17,8,0,16,0,4,10,0,12,7,14,15,5,9,6,19,13,3,0,2,1,0,11,18
42_2,10,19,2,16,0,15,8,5,9,0,14,3,0,4,12,1,11,0,0,13,7,18,17,6
42_3,0,1,0,14,16,12,2,18,13,5,8,6,15,4,9,3,0,0,19,17,0,10,11,7
43_3,0,3,0,4,10,14,7,9,13,19,18,2,16,6,8,15,0,0,17,12,0,5,11,1
44_1,19,9,0,6,20,7,18,0,8,10,4,15,5,12,2,14,11,21,13,3,1,0,16,17
44_2,18,14,3,6,20,15,9,5,12,13,4,21,0,7,8,1,16,0,0,11,10,17,19,2
44_3,0,1,0,4,6,8,3,17,11,5,9,2,15,7,12,21,20,13,14,19,0,18,16,10
45_1,15,3,0,9,0,12,11,0,16,4,13,0,6,2,10,0,14,1,0,5,17,0,7,8
45_2,11,0,5,9,0,0,3,6,2,0,13,1,0,12,16,17,7,0,0,14,4,8,15,10
45_3,0,17,0,13,9,16,5,8,14,6,3,10,0,12,2,1,0,0,0,15,0,11,7,4
46_1,20,12,0,13,14,3,19,0,11,16,7,21,9,4,2,5,10,15,17,6,1,0,18,8
47_1,19,16,0,18,21,5,13,0,15,1,4,14,7,8,2,12,9,20,10,6,3,0,11,17
48_1,9,17,0,20,18,4,13,0,10,21,5,15,6,8,3,16,12,19,11,1,2,0,14,7
48_3,0,2,0,5,20,10,1,7,12,6,17,3,15,4,8,19,18,11,16,9,0,13,14,21
49_1,12,13,0,19,0,7,14,0,10,2,9,15,8,5,1,20,11,16,18,3,4,0,17,6
49_2,14,20,3,19,0,15,13,8,5,18,9,16,0,7,10,4,17,0,0,11,2,6,12,1
49_3,0,4,0,9,19,10,3,6,11,8,13,1,15,7,5,16,0,18,20,12,0,14,17,2
4_1,17,10,0,11,0,20,14,0,5,18,16,12,13,9,19,6,1,7,15,8,4,0,3,2
4_2,14,6,8,11,0,12,10,13,9,15,16,7,0,20,5,4,3,0,0,1,18,2,17,19
50_1,16,11,0,15,19,3,4,0,8,20,7,14,9,13,21,12,10,17,22,2,1,18,6,5
50_2,4,12,2,15,19,14,11,9,13,22,7,17,18,3,8,1,6,0,0,10,20,5,16,21
50_3,18,1,0,7,15,8,2,5,10,9,11,21,14,3,13,17,19,22,12,16,0,4,6,20
51_1,21,11,0,20,15,7,13,0,17,3,8,19,12,14,2,16,5,18,6,4,1,22,10,9
51_2,13,16,4,20,15,19,11,12,14,6,8,18,22,7,17,1,10,0,0,5,3,9,21,2
51_3,22,1,0,8,20,17,4,9,5,12,11,2,19,7,14,18,15,6,16,21,0,13,10,3
52_1,7,9,0,12,0,6,5,0,10,11,2,17,20,8,13,15,1,4,19,3,18,0,14,16
52_2,5,15,3,12,0,17,9,20,8,19,2,4,0,6,10,18,14,0,0,1,11,16,7,13
52_3,0,18,0,2,12,10,3,16,1,20,9,13,17,6,8,4,0,19,15,7,0,5,14,11
53_1,5,8,0,15,9,19,11,0,3,7,12,6,18,2,20,17,4,14,21,10,13,0,1,16
53_2,11,17,10,15,9,6,8,18,2,21,12,14,0,19,3,13,1,0,0,4,7,16,5,20
54_1,18,10,0,9,0,3,16,0,20,1,4,17,13,15,7,19,14,2,8,11,6,0,5,12
54_2,16,19,11,9,0,17,10,13,15,8,4,2,0,3,20,6,5,0,0,14,1,12,18,7
54_3,0,6,0,4,9,20,11,12,14,13,10,7,17,3,15,2,0,8,19,18,0,16,5,1
55_1,10,9,0,4,0,1,8,0,18,14,3,11,15,2,5,0,6,13,0,12,7,0,17,16
55_2,8,0,12,4,0,11,9,15,2,0,3,13,0,1,18,7,17,0,0,6,14,16,10,5
55_3,0,7,0,3,4,18,12,16,6,15,9,5,11,1,2,13,0,0,0,10,0,8,17,14
56_1,6,5,0,1,0,12,15,0,16,2,13,18,19,4,3,20,11,8,10,9,14,0,7,17
56_2,15,20,9,1,0,18,5,19,4,10,13,8,0,12,16,14,7,0,0,11,2,17,6,3
56_3,0,14,0,13,1,16,9,17,11,19,5,3,18,12,4,8,0,10,20,6,0,15,7,2
57_1,14,7,0,2,0,16,19,0,13,5,6,17,18,1,3,8,11,12,20,4,9,0,10,15
57_2,19,8,4,2,0,17,7,18,1,20,6,12,0,16,13,9,10,0,0,11,5,15,14,3
57_3,0,9,0,6,2,13,4,15,11,18,7,3,17,16,1,12,0,20,8,14,0,19,10,5
58_1,6,2,0,13,18,14,15,0,3,12,17,11,21,1,4,16,7,8,20,5,10,22,19,9
58_2,15,16,5,13,18,11,2,21,1,20,17,8,22,14,3,10,19,0,0,7,12,9,6,4
58_3,22,10,0,17,13,3,5,9,7,21,2,4,11,14,1,8,18,20,16,6,0,15,19,12
59_1,5,8,0,17,14,6,13,0,16,3,7,4,20,1,19,10,15,9,22,2,11,21,18,12
59_2,13,10,2,17,14,4,8,20,1,22,7,9,21,6,16,11,18,0,0,15,3,12,5,19
59_3,21,11,0,7,17,16,2,12,15,20,8,19,4,6,1,9,14,22,10,5,0,13,18,3
5_1,2,5,0,1,0,9,14,0,0,13,11,0,15,7,10,0,3,8,0,6,12,0,0,4
5_2,14,0,6,1,0,0,5,15,7,0,11,8,0,9,0,12,0,0,0,3,13,4,2,10
60_1,16,13,0,14,0,9,7,0,10,5,11,18,17,1,4,0,8,12,0,2,6,0,15,3
60_2,7,0,2,14,0,18,13,17,1,0,11,12,0,9,10,6,15,0,0,8,5,3,16,4
60_3,0,6,0,11,14,10,2,3,8,17,13,4,18,9,1,12,0,0,0,16,0,7,15,5
61_1,15,12,0,4,0,1,14,0,13,6,3,19,8,2,17,7,5,10,0,18,9,0,16,11
61_2,14,7,18,4,0,19,12,8,2,0,3,10,0,1,13,9,16,0,0,5,6,11,15,17
61_3,0,9,0,3,4,13,18,11,5,8,12,17,19,1,2,10,0,0,7,15,0,14,16,6
62_1,7,2,0,0,0,3,0,0,0,11,5,0,8,1,4,0,12,6,0,10,9,0,0,0
62_2,0,0,10,0,0,0,2,8,1,0,5,6,0,3,0,9,0,0,0,12,11,0,7,4
62_3,0,9,0,5,0,0,10,0,12,8,2,4,0,3,1,6,0,0,0,7,0,0,0,11
64_1,10,17,0,1,0,2,14,0,16,5,7,18,12,15,11,0,8,4,0,3,6,0,9,13
64_2,14,0,3,1,0,18,17,12,15,0,7,4,0,2,16,6,9,0,0,8,5,13,10,11
65_1,10,6,0,13,0,16,15,0,5,12,9,19,14,3,17,2,4,7,0,1,8,0,18,11
65_2,15,2,1,13,0,19,6,14,3,0,9,7,0,16,5,8,18,0,0,4,12,11,10,17
66_2,13,8,6,18,0,2,17,20,3,9,11,10,0,7,15,19,14,0,0,4,5,16,12,1
67_1,10,9,0,14,8,6,16,0,21,12,13,2,20,1,4,17,5,11,19,3,7,0,18,15
67_2,16,17,3,14,8,2,9,20,1,19,13,11,0,6,21,7,18,0,0,5,12,15,10,4
67_3,0,7,0,13,14,21,3,15,5,20,9,4,2,6,1,11,8,19,17,10,0,16,18,12
68_1,2,4,0,11,7,14,17,0,22,16,15,18,12,1,19,5,10,13,21,3,8,20,9,6
68_2,17,5,3,11,7,18,4,12,1,21,15,13,20,14,22,8,9,0,0,10,16,6,2,19
69_3,16,8,0,2,18,17,9,20,12,10,7,21,22,11,4,15,13,19,1,6,0,3,14,5
6_1,5,10,0,7,0,14,16,0,15,19,12,13,6,4,9,2,18,3,11,8,20,0,1,17
6_3,0,20,0,12,7,15,8,17,18,6,10,9,13,14,4,3,0,11,2,5,0,16,1,19
70_1,11,5,0,15,0,3,14,0,17,6,13,8,12,2,1,16,4,18,0,7,9,0,19,10
70_2,14,16,7,15,0,8,5,12,2,0,13,18,0,3,17,9,19,0,0,4,6,10,11,1
70_3,0,9,0,13,15,17,7,10,4,12,5,1,8,3,2,18,0,0,16,11,0,14,19,6
72_1,13,17,0,16,0,1,9,0,15,11,4,0,8,6,2,0,5,3,0,12,7,0,14,10
72_2,9,0,12,16,0,0,17,8,6,0,4,3,0,1,15,7,14,0,0,5,11,10,13,2
72_3,0,7,0,4,16,15,12,10,5,8,17,2,0,1,6,3,0,0,0,13,0,9,14,11
73_3,0,6,0,3,13,15,8,2,10,12,5,14,0,1,7,4,0,0,0,17,0,16,9,11
74_1,6,12,0,16,0,1,11,0,15,8,4,0,13,5,3,0,10,2,0,14,9,0,7,17
74_2,11,0,14,16,0,0,12,13,5,0,4,2,0,1,15,9,7,0,0,10,8,17,6,3
74_3,0,9,0,4,16,15,14,17,10,13,12,3,0,1,5,2,0,0,0,6,0,11,7,8
75_1,8,16,0,11,0,2,15,0,17,13,4,0,9,1,5,0,3,6,0,10,12,0,14,7
75_2,15,0,10,11,0,0,16,9,1,0,4,6,0,2,17,12,14,0,0,3,13,7,8,5
75_3,0,12,0,4,11,17,10,7,3,9,16,5,0,2,1,6,0,0,0,8,0,15,14,13
76_1,16,13,0,17,0,2,12,0,18,11,5,15,7,1,4,0,14,3,0,9,6,0,10,8
77_1,7,19,0,8,0,4,11,0,15,12,9,14,5,1,3,17,6,10,0,18,2,0,13,16
78_1,11,15,0,4,0,2,6,0,17,3,7,20,9,5,12,18,1,13,19,8,10,0,14,16
78_2,6,18,8,4,0,20,15,9,5,19,7,13,0,2,17,10,14,0,0,1,3,16,11,12
79_1,0,0,0,0,0,6,0,0,0,0,0,0,4,1,5,0,0,0,0,3,2,0,0,0
79_2,0,0,3,0,0,0,0,4,1,0,0,0,0,6,0,2,0,0,0,0,0,0,0,5
79_3,0,2,0,0,0,0,3,0,0,4,0,5,0,6,1,0,0,0,0,0,0,0,0,0
7_1,6,16,0,3,0,13,14,0,2,8,19,15,11,5,10,18,12,9,0,7,17,0,1,4
7_2,14,18,7,3,0,15,16,11,5,0,19,9,0,13,2,17,1,0,0,12,8,4,6,10
7_3,0,17,0,19,3,2,7,4,12,11,16,10,15,13,5,9,0,0,18,6,0,14,1,8
80_1,12,4,0,7,0,1,3,0,11,8,2,16,9,10,15,19,6,13,0,5,14,0,18,17
80_2,3,19,5,7,0,16,4,9,10,0,2,13,0,1,11,14,18,0,0,6,8,17,12,15
80_3,0,14,0,2,7,11,5,17,6,9,4,15,16,1,10,13,0,0,19,12,0,3,18,8
81_1,9,4,0,1,0,2,7,0,17,3,6,10,15,8,14,16,5,11,19,20,12,0,13,18
81_2,7,16,20,1,0,10,4,15,8,19,6,11,0,2,17,12,13,0,0,5,3,18,9,14
81_3,0,12,0,6,1,17,20,18,5,15,4,14,10,2,8,11,0,19,16,9,0,7,13,3
83_1,14,5,0,18,0,17,3,0,16,9,12,13,10,2,4,0,15,6,0,7,8,0,11,1
83_2,3,0,7,18,0,13,5,10,2,0,12,6,0,17,16,8,11,0,0,15,9,1,14,4
841_2,21,12,7,10,20,4,6,16,8,15,5,18,0,13,9,2,17,0,0,3,11,14,1,19
841_3,0,2,0,5,10,9,7,14,3,16,6,19,4,13,8,18,20,15,12,1,0,21,17,11
842_1,1,4,19,8,14,2,21,0,10,20,5,12,16,13,18,9,11,17,7,6,3,15,22,23
842_2,21,9,6,8,14,12,4,16,13,7,5,17,15,2,10,3,22,0,19,11,20,23,1,18
842_3,15,3,19,5,8,10,6,23,11,16,4,18,12,2,13,17,14,7,9,1,0,21,22,20
843_2,23,10,6,11,7,9,1,16,4,19,5,18,14,12,13,2,22,0,21,17,8,15,3,20
843_3,14,2,21,5,11,13,6,15,17,16,1,20,9,12,4,18,7,19,10,3,0,23,22,8
844_1,7,1,20,22,10,6,18,0,14,2,17,9,15,4,12,16,5,8,13,3,11,23,19,21
844_2,18,16,3,22,10,9,1,15,4,13,17,8,23,6,14,11,19,0,20,5,2,21,7,12
844_3,23,11,20,17,22,14,3,21,5,15,1,12,9,6,4,8,10,13,16,7,0,18,19,2
845_1,6,9,19,7,17,14,20,22,15,16,8,10,13,5,21,24,3,12,4,1,2,11,23,18
845_3,11,2,19,8,7,15,1,18,3,13,9,21,10,14,5,12,17,4,24,6,22,20,23,16
846_1,1,2,21,10,7,15,23,0,16,14,6,18,19,5,20,13,4,17,8,3,9,12,22,11
846_2,23,13,3,10,7,18,2,19,5,8,6,17,12,15,16,9,22,0,21,4,14,11,1,20
846_3,12,9,21,6,10,16,3,11,4,19,2,20,18,15,5,17,7,8,13,1,0,23,22,14
847_2,5,6,18,17,11,20,1,19,2,8,16,13,10,4,15,7,21,0,22,12,9,23,14,3
847_3,10,7,22,16,17,15,18,23,12,19,1,3,20,4,2,13,11,8,6,14,0,5,21,9
848_1,1,6,17,8,24,10,21,22,14,9,4,15,18,7,20,13,2,19,16,3,5,11,23,12
848_2,21,13,3,8,24,15,6,18,7,16,4,19,11,10,14,5,23,22,17,2,9,12,1,20
848_3,11,5,17,4,8,14,3,12,2,18,6,20,15,10,7,19,24,16,13,1,22,21,23,9
849_2,18,13,3,15,11,16,1,19,10,7,20,8,22,12,9,5,14,0,23,6,2,21,17,4
84_1,14,9,0,4,0,2,10,0,12,6,5,13,19,1,8,17,3,20,18,11,16,0,7,15
84_2,10,17,11,4,0,13,9,19,1,18,5,20,0,2,12,16,7,0,0,3,6,15,14,8
850_1,19,12,21,14,22,5,17,0,9,10,7,23,18,3,6,13,4,2,15,16,1,20,11,8
850_2,17,13,16,14,22,23,12,18,3,15,7,2,20,5,9,1,11,0,21,4,10,8,19,6
850_3,20,1,21,7,14,9,16,8,4,18,12,6,23,5,3,2,22,15,13,19,0,17,11,10
851_2,24,13,4,7,8,10,3,16,5,15,9,20,19,18,12,1,11,23,22,6,17,14,2,21
851_3,19,1,22,9,7,12,4,14,6,16,3,21,10,18,5,20,8,15,13,2,23,24,11,17
852_1,11,2,0,4,17,3,12,0,20,7,18,10,22,6,13,9,14,8,15,21,1,16,5,19
852_2,12,9,21,4,17,10,2,22,6,15,18,8,16,3,20,1,5,0,0,14,7,19,11,13
853_1,10,12,0,7,0,2,13,0,8,16,5,18,6,14,17,0,3,1,0,15,4,0,9,11
853_3,0,4,0,5,7,8,15,11,3,6,12,17,18,2,14,1,0,0,0,10,0,13,9,16
854_2,13,11,20,17,9,19,12,4,6,8,7,3,21,15,18,5,14,0,23,1,2,10,22,16
855_1,10,5,21,9,6,16,14,23,11,4,20,8,22,2,3,12,1,17,15,18,7,13,19,24
855_2,14,12,18,9,6,8,5,22,2,15,20,17,13,16,11,7,19,23,21,1,4,24,10,3
855_3,13,7,21,20,9,11,18,24,1,22,5,3,8,16,2,17,6,15,12,10,23,14,19,4
856_1,18,1,23,13,11,7,9,22,17,3,20,8,21,5,4,16,6,12,14,19,2,15,10,24
856_2,9,16,19,13,11,8,1,21,5,14,20,12,15,7,17,2,10,22,23,6,3,24,18,4
856_3,15,2,23,20,13,17,19,24,6,21,1,4,8,7,5,12,11,14,16,18,22,9,10,3
857_1,8,21,0,10,20,7,11,0,12,2,9,13,5,4,22,16,1,3,17,14,6,15,18,19
857_2,11,16,14,10,20,13,21,5,4,17,9,3,15,7,12,6,18,0,0,1,2,19,8,22
857_3,15,6,0,9,10,12,14,19,1,5,21,22,13,7,4,3,20,17,16,8,0,11,18,2
858_1,21,14,22,12,19,6,10,0,11,4,16,18,17,2,5,15,3,8,9,13,1,23,20,7
858_3,23,1,22,16,12,11,13,7,3,17,14,5,18,6,2,8,19,9,15,21,0,10,20,4
859_1,16,1,20,13,10,7,24,23,12,2,19,11,22,4,6,9,3,8,17,18,5,14,15,21
859_2,24,9,18,13,10,11,1,22,4,17,19,8,14,7,12,5,15,23,20,3,2,21,16,6
859_3,14,5,20,19,13,12,18,21,3,22,1,6,11,7,4,8,10,17,9,16,23,24,15,2
85_2,1,20,12,13,0,16,9,17,4,14,18,3,0,11,10,2,15,0,0,5,8,7,19,6
860_1,11,3,0,8,0,5,19,0,10,1,9,20,12,6,17,14,4,7,18,15,2,0,13,16
860_2,19,14,15,8,0,20,3,12,6,18,9,7,0,5,10,2,13,0,0,4,1,16,11,17
860_3,0,2,0,9,8,10,15,16,4,12,3,17,20,5,6,7,0,18,14,11,0,19,13,1
861_1,17,15,22,11,18,9,16,0,23,2,8,14,13,5,20,12,6,4,3,21,1,7,19,10
861_2,16,12,21,11,18,14,15,13,5,3,8,4,7,9,23,1,19,0,22,6,2,10,17,20
862_1,22,2,17,16,4,1,9,21,19,3,8,10,6,5,20,12,18,15,11,13,7,14,24,23
862_2,9,12,13,16,4,10,2,6,5,11,8,15,14,1,19,7,24,21,17,18,3,23,22,20
862_3,14,7,17,8,16,19,13,23,18,6,2,20,10,1,5,15,4,11,12,22,21,9,24,3
863_1,24,18,8,5,16,12,2,15,13,10,14,17,3,9,21,6,1,7,4,22,11,19,20,23
863_2,2,6,22,5,16,17,18,3,9,4,14,7,19,12,13,11,20,15,8,1,10,23,24,21
863_3,19,11,8,14,5,13,22,23,1,3,18,21,17,12,9,7,16,4,6,24,15,2,20,10
864_2,4,1,11,17,22,12,5,3,2,20,8,18,9,13,16,6,10,21,7,14,15,24,23,19
864_3,9,6,7,8,17,16,11,24,14,3,5,19,12,13,2,18,22,20,1,23,21,4,10,15
865_1,19,8,0,10,0,2,20,0,18,14,5,12,7,4,15,17,6,1,16,13,3,0,11,9
865_2,20,17,13,10,0,12,8,7,4,16,5,1,0,2,18,3,11,0,0,6,14,9,19,15
865_3,0,3,0,5,10,18,13,9,6,7,8,15,12,2,4,1,0,16,17,19,0,20,11,14
866_1,21,8,15,11,13,6,7,23,20,9,12,19,10,3,22,17,1,4,5,18,2,16,14,24
866_2,7,17,18,11,13,19,8,10,3,5,12,4,16,6,20,2,14,23,15,1,9,24,21,22
866_3,16,2,15,12,11,20,18,24,1,10,8,22,19,6,3,4,13,5,17,21,23,7,14,9
867_1,22,21,23,7,14,11,4,0,13,1,15,5,6,8,10,9,12,19,20,17,3,18,16,2
868_1,20,4,0,12,16,14,18,0,10,13,5,7,6,1,19,9,3,2,15,17,8,22,11,21
868_2,18,9,17,12,16,7,4,6,1,15,5,2,22,14,10,8,11,0,0,3,13,21,20,19
869_1,20,3,17,10,9,12,23,16,14,4,19,24,8,1,18,6,2,7,11,15,22,13,5,21
869_2,23,6,15,10,9,24,3,8,1,11,19,7,13,12,14,22,5,16,17,2,4,21,20,18
86_1,19,12,0,13,0,2,1,0,16,7,11,20,10,6,3,18,15,8,14,9,4,0,17,5
86_2,1,18,9,13,0,20,12,10,6,14,11,8,0,2,16,4,17,0,0,15,7,5,19,3
86_3,0,4,0,11,13,16,9,5,15,10,12,3,20,2,6,8,0,14,18,19,0,1,17,7
870_1,20,24,16,21,13,11,2,19,18,3,9,8,6,5,23,12,4,7,14,17,1,15,10,22
870_2,2,12,17,21,13,8,24,6,5,14,9,7,15,11,18,1,10,19,16,4,3,22,20,23
870_3,15,1,16,9,21,18,17,22,4,6,24,23,8,11,5,7,13,14,12,20,19,2,10,3
871_1,19,15,0,7,0,14,13,0,5,4,1,6,10,3,9,17,16,8,0,18,12,0,11,2
871_2,13,17,18,7,0,6,15,10,3,0,1,8,0,14,5,12,11,0,0,16,4,2,19,9
871_3,0,12,0,1,7,5,18,2,16,10,15,9,6,14,3,8,0,0,17,19,0,13,11,4
872_1,22,6,20,16,15,13,9,0,12,3,2,17,7,5,23,10,4,11,8,18,1,14,19,21
872_2,9,10,18,16,15,17,6,7,5,8,2,11,14,13,12,1,19,0,20,4,3,21,22,23
873_1,21,9,13,16,12,8,7,20,23,2,24,18,10,5,19,3,4,17,6,15,1,14,11,22
873_2,7,3,15,16,12,18,9,10,5,6,24,17,14,8,23,1,11,20,13,4,2,22,21,19
874_2,8,6,15,18,12,13,20,4,5,10,3,1,21,11,9,7,16,0,0,17,14,2,22,19
874_3,21,7,0,3,18,9,15,2,17,4,20,19,13,11,5,1,12,10,6,22,0,8,16,14
875_1,8,21,0,17,12,3,7,0,15,10,2,11,18,16,5,9,19,1,13,6,4,20,14,22
875_2,7,9,6,17,12,11,21,18,16,13,2,1,20,3,15,4,14,0,0,19,10,22,8,5
875_3,20,4,0,2,17,15,6,22,19,18,21,5,11,3,16,1,12,13,9,8,0,7,14,10
876_1,21,24,23,16,8,10,12,18,19,5,6,13,7,3,20,11,1,2,14,17,4,15,9,22
876_2,12,11,17,16,8,13,24,7,3,14,6,2,15,10,19,4,9,18,23,1,5,22,21,20
877_3,0,1,0,5,14,21,2,9,10,16,19,7,8,4,13,6,18,15,11,20,0,17,3,12
878_1,23,13,15,17,9,16,22,21,18,11,8,10,6,4,20,14,1,3,7,19,2,12,5,24
878_2,22,14,19,17,9,10,13,6,4,7,8,3,12,16,18,2,5,21,15,1,11,24,23,20
878_3,12,2,15,8,17,18,19,24,1,6,13,20,10,16,4,3,9,7,14,23,21,22,5,11
879_1,12,20,0,2,0,17,16,0,11,1,4,18,15,5,8,6,10,19,13,7,3,0,9,14
879_2,16,6,7,2,0,18,20,15,5,13,4,19,0,17,11,3,9,0,0,10,1,14,12,8
879_3,0,3,0,4,2,11,7,14,10,15,20,8,18,17,5,19,0,13,6,12,0,16,9,1
87_1,5,14,0,17,0,3,7,0,15,8,6,12,13,11,18,0,9,4,0,10,2,0,16,1
87_3,0,2,0,6,17,15,10,1,9,13,14,18,12,3,11,4,0,0,0,5,0,7,16,8
880_1,12,16,0,15,18,2,9,0,21,5,11,14,6,7,3,17,13,10,19,8,1,0,20,4
880_3,0,1,0,11,15,21,8,4,13,6,16,3,14,2,7,10,18,19,17,12,0,9,20,5
881_1,15,12,0,20,18,4,11,0,19,9,5,13,14,10,1,16,6,2,17,7,3,0,21,8
881_2,11,16,7,20,18,13,12,14,10,17,5,2,0,4,19,3,21,0,0,6,9,8,15,1
881_3,0,3,0,5,20,19,7,8,6,14,12,1,13,4,10,2,18,17,16,15,0,11,21,9
882_1,5,16,0,8,0,13,15,0,20,14,3,11,10,6,12,19,1,2,18,9,7,0,17,4
882_2,15,19,9,8,0,11,16,10,6,18,3,2,0,13,20,7,17,0,0,1,14,4,5,12
882_3,0,7,0,3,8,20,9,4,1,10,16,12,11,13,6,2,0,18,19,5,0,15,17,14
883_1,9,6,0,16,20,12,5,0,11,1,10,15,4,17,21,18,14,13,8,3,7,19,22,2
883_2,5,18,3,16,20,15,6,4,17,8,10,13,19,12,11,7,22,0,0,14,1,2,9,21
883_3,19,7,0,10,16,11,3,2,14,4,6,21,15,12,17,13,20,8,18,9,0,5,22,1
884_1,12,14,0,15,20,1,6,0,16,2,10,5,9,7,21,18,13,8,17,3,11,0,19,4
885_1,20,11,0,13,18,1,8,0,17,3,4,15,16,6,9,12,14,7,21,5,2,0,10,19
885_2,8,12,5,13,18,15,11,16,6,21,4,7,0,1,17,2,10,0,0,14,3,19,20,9
885_3,0,2,0,4,13,17,5,19,14,16,11,9,15,1,6,7,18,21,12,20,0,8,10,3
886_1,15,11,0,8,22,3,12,0,19,1,4,21,10,5,20,16,17,13,7,9,2,18,6,14
886_2,12,16,9,8,22,21,11,10,5,7,4,13,18,3,19,2,6,0,0,17,1,14,15,20
886_3,18,2,0,4,8,19,9,14,17,10,11,20,21,3,5,13,22,7,16,15,0,12,6,1
887_1,14,10,0,6,20,2,8,0,17,1,7,19,22,5,3,11,13,9,15,4,21,18,12,16
888_1,14,9,0,16,18,6,11,0,20,1,3,15,13,2,21,10,5,4,17,8,7,0,19,12
888_2,11,10,8,16,18,15,9,13,2,17,3,4,0,6,20,7,19,0,0,5,1,12,14,21
88_1,6,13,0,10,0,9,14,0,12,17,3,0,4,16,5,0,1,2,0,11,7,0,15,8
88_2,14,0,11,10,0,0,13,4,16,0,3,2,0,9,12,7,15,0,0,1,17,8,6,5
88_3,0,7,0,3,10,12,11,8,1,4,13,5,0,9,16,2,0,0,0,6,0,14,15,17
890_1,17,11,0,10,22,12,9,0,15,1,6,20,4,3,13,14,2,7,16,5,8,18,21,19
890_2,9,14,5,10,22,20,11,4,3,16,6,7,18,12,15,8,21,0,0,2,1,19,17,13
891_1,12,18,0,13,20,4,8,0,21,1,5,14,17,3,11,16,9,6,19,7,2,0,15,10
891_2,8,16,7,13,20,14,18,17,3,19,5,6,0,4,21,2,15,0,0,9,1,10,12,11
891_3,0,2,0,5,13,21,7,10,9,17,18,11,14,4,3,6,20,19,16,12,0,8,15,1
892_2,7,16,19,9,20,14,5,3,2,18,4,10,0,6,21,11,17,0,0,12,1,8,15,13
892_3,0,11,0,4,9,21,19,8,12,3,5,13,14,6,2,10,20,18,16,15,0,7,17,1
893_1,16,9,0,14,18,2,10,0,20,1,4,21,6,3,17,11,5,8,19,13,7,22,15,12
893_2,10,11,13,14,18,21,9,6,3,19,4,8,22,2,20,7,15,0,0,5,1,12,16,17
894_1,13,6,0,7,15,3,9,0,22,1,5,18,17,11,20,16,2,12,21,4,8,19,10,14
894_2,9,16,4,7,15,18,6,17,11,21,5,12,19,3,22,8,10,0,0,2,1,14,13,20
894_3,19,8,0,5,7,22,4,14,2,17,6,20,18,3,11,12,15,21,16,13,0,9,10,1
895_2,10,15,5,18,0,12,16,17,9,0,13,3,0,6,14,4,19,0,0,8,1,7,11,2
895_3,0,4,0,13,18,14,5,7,8,17,16,2,12,6,9,3,0,0,15,11,0,10,19,1
896_2,2,7,14,3,20,18,12,8,17,10,1,15,0,9,21,11,16,0,0,4,5,13,19,6
896_3,0,11,0,1,3,21,14,13,4,8,12,6,18,9,17,15,20,10,7,19,0,2,16,5
897_1,5,15,0,6,20,2,16,0,21,9,17,10,7,4,8,13,12,1,19,3,11,0,18,14
897_2,16,13,3,6,20,10,15,7,4,19,17,1,0,2,21,11,18,0,0,12,9,14,5,8
897_3,0,11,0,17,6,21,3,14,12,7,15,8,10,2,4,1,20,19,13,5,0,16,18,9
898_2,10,8,12,15,17,16,21,13,7,18,14,1,0,11,20,3,19,0,0,5,2,6,9,4
898_3,0,3,0,14,15,20,12,6,5,13,21,4,16,11,7,1,17,18,8,9,0,10,19,2
899_1,14,15,0,17,20,4,9,0,21,1,3,12,6,2,13,10,7,8,18,16,5,0,19,11
899_2,9,10,16,17,20,12,15,6,2,18,3,8,0,4,21,5,19,0,0,7,1,11,14,13
899_3,0,5,0,3,17,21,16,11,7,6,15,13,12,4,2,8,20,18,10,14,0,9,19,1
89_1,20,8,0,12,0,3,4,0,14,2,9,18,6,17,10,19,7,5,13,11,1,0,15,16
89_2,4,19,11,12,0,18,8,6,17,13,9,5,0,3,14,1,15,0,0,7,2,16,20,10
89_3,0,1,0,9,12,14,11,16,7,6,8,10,18,3,17,5,0,13,19,20,0,4,15,2
8_1,9,16,0,3,0,12,20,0,1,14,17,11,19,6,4,2,10,5,18,13,15,0,8,7
8_3,0,15,0,17,3,1,13,7,10,19,16,4,11,12,6,5,0,18,2,9,0,20,8,14
900_1,14,7,0,18,0,5,16,0,8,15,4,12,9,6,13,0,2,11,0,10,1,0,3,17
900_2,16,0,10,18,0,12,7,9,6,0,4,11,0,5,8,1,3,0,0,2,15,17,14,13
900_3,0,1,0,4,18,8,10,17,2,9,7,13,12,5,6,11,0,0,0,14,0,16,3,15
901_1,4,6,0,13,0,2,16,0,17,10,7,11,8,5,12,15,14,3,0,19,1,0,9,18
901_2,16,15,19,13,0,11,6,8,5,0,7,3,0,2,17,1,9,0,0,14,10,18,4,12
901_3,0,1,0,7,13,17,19,18,14,8,6,12,11,2,5,3,0,0,15,4,0,16,9,10
902_1,14,6,0,22,13,2,12,0,15,16,5,9,3,7,21,18,17,10,11,8,1,19,20,4
902_2,12,18,8,22,13,9,6,3,7,11,5,10,19,2,15,1,20,0,0,17,16,4,14,21
902_3,19,1,0,5,22,15,8,4,17,3,6,21,9,2,7,10,13,11,18,14,0,12,20,16
903_1,12,16,0,19,21,5,11,0,7,15,2,18,8,3,20,14,6,17,10,9,1,0,13,4
903_2,11,14,9,19,21,18,16,8,3,10,2,17,0,5,7,1,13,0,0,6,15,4,12,20
903_3,0,1,0,2,19,7,9,4,6,8,16,20,18,5,3,17,21,10,14,12,0,11,13,15
904_1,18,9,0,17,11,2,4,0,14,5,12,3,8,7,16,19,20,13,15,6,1,22,21,10
904_2,4,19,6,17,11,3,9,8,7,15,12,13,22,2,14,1,21,0,0,20,5,10,18,16
905_1,7,4,0,10,0,1,12,0,6,14,9,13,11,5,18,17,8,19,0,3,2,0,15,16
905_2,12,17,3,10,0,13,4,11,5,0,9,19,0,1,6,2,15,0,0,8,14,16,7,18
905_3,0,2,0,9,10,6,3,16,8,11,4,18,13,1,5,19,0,0,17,7,0,12,15,14
906_1,16,12,0,7,0,1,6,0,4,15,11,13,5,8,14,19,17,3,0,9,2,0,18,10
906_2,6,19,9,7,0,13,12,5,8,0,11,3,0,1,4,2,18,0,0,17,15,10,16,14
906_3,0,2,0,11,7,4,9,10,17,5,12,14,13,1,8,3,0,0,19,16,0,6,18,15
907_1,14,19,0,20,10,3,11,0,13,21,9,2,1,5,12,16,15,22,7,6,4,17,18,8
907_2,11,16,6,20,10,2,19,1,5,7,9,22,17,3,13,4,18,0,0,15,21,8,14,12
908_1,8,16,0,6,0,1,19,0,5,9,14,10,3,7,4,18,15,17,0,11,2,0,12,13
908_2,19,18,11,6,0,10,16,3,7,0,14,17,0,1,5,2,12,0,0,15,9,13,8,4
908_3,0,2,0,14,6,5,11,13,15,3,16,4,10,1,7,17,0,0,18,8,0,19,12,9
909_1,7,14,0,18,21,1,11,0,2,19,3,16,12,4,6,17,5,15,20,8,10,0,13,9
909_3,0,10,0,3,18,2,8,9,5,12,14,6,16,1,4,15,21,20,17,7,0,11,13,19
90_1,1,6,0,12,0,3,14,0,16,19,7,15,9,8,5,18,2,4,0,10,13,0,17,11
90_2,14,18,10,12,0,15,6,9,8,0,7,4,0,3,16,13,17,0,0,2,19,11,1,5
90_3,0,13,0,7,12,16,10,11,2,9,6,5,15,3,8,4,0,0,18,1,0,14,17,19
910_1,19,9,0,6,18,4,1,0,12,15,2,11,3,8,17,16,20,7,5,14,13,0,21,10
910_2,1,16,14,6,18,11,9,3,8,5,2,7,0,4,12,13,21,0,0,20,15,10,19,17
910_3,0,13,0,2,6,12,14,10,20,3,9,17,11,4,8,7,18,5,16,19,0,1,21,15
911_1,1,14,0,13,0,10,17,0,20,18,6,5,15,3,11,9,12,4,16,7,19,0,2,8
911_2,17,9,7,13,0,5,14,15,3,16,6,4,0,10,20,19,2,0,0,12,18,8,1,11
911_3,0,19,0,6,13,20,7,8,12,15,14,11,5,10,3,4,0,16,9,1,0,17,2,18
912_2,11,4,10,13,20,18,12,3,7,15,6,5,0,1,9,2,21,0,0,17,19,8,14,16
912_3,0,2,0,6,13,9,10,8,17,3,12,16,18,1,7,5,20,15,4,14,0,11,21,19
913_1,12,14,0,20,17,19,10,0,7,15,6,16,9,3,21,8,18,2,13,5,1,0,11,4
913_2,10,8,5,20,17,16,14,9,3,13,6,2,0,19,7,1,11,0,0,18,15,4,12,21
913_3,0,1,0,6,20,7,5,4,18,9,14,21,16,19,3,2,17,13,8,12,0,10,11,15
914_1,9,21,0,19,18,1,17,0,3,16,7,15,12,8,20,6,11,14,10,4,2,0,13,5
914_2,17,6,4,19,18,15,21,12,8,10,7,14,0,1,3,2,13,0,0,11,16,5,9,20
915_1,19,13,0,8,0,14,7,0,2,15,3,5,16,4,18,10,20,6,17,9,1,0,12,11
915_2,7,10,9,8,0,5,13,16,4,17,3,6,0,14,2,1,12,0,0,20,15,11,19,18
916_1,9,5,0,12,0,1,4,0,0,14,15,0,3,6,13,0,8,10,0,7,2,0,11,16
916_2,4,0,7,12,0,0,5,3,6,0,15,10,0,1,0,2,11,0,0,8,14,16,9,13
916_3,0,2,0,15,12,0,7,16,8,3,5,13,0,1,6,10,0,0,0,9,0,4,11,14
917_1,16,18,0,15,0,3,17,0,10,5,9,2,6,11,8,0,1,12,0,14,4,0,7,13
917_2,17,0,14,15,0,2,18,6,11,0,9,12,0,3,10,4,7,0,0,1,5,13,16,8
917_3,0,4,0,9,15,10,14,13,1,6,18,8,2,3,11,12,0,0,0,16,0,17,7,5
918_1,18,5,0,7,0,2,8,0,4,20,11,9,3,12,19,13,14,10,16,15,1,0,17,6
918_2,8,13,15,7,0,9,5,3,12,16,11,10,0,2,4,1,17,0,0,14,20,6,18,19
918_3,0,1,0,11,7,4,15,6,14,3,5,19,9,2,12,10,0,16,13,18,0,8,17,20
91_1,6,4,0,15,0,13,1,0,9,2,5,18,14,3,11,19,16,20,17,10,8,0,12,7
926_1,5,9,0,0,0,2,0,0,0,6,10,0,12,7,4,0,11,13,0,3,1,0,0,8
926_2,0,0,3,0,0,0,9,12,7,0,10,13,0,2,0,1,0,0,0,11,6,8,5,4
926_3,0,1,0,10,0,0,3,8,11,12,9,4,0,2,7,13,0,0,0,5,0,0,0,6
927_1,6,12,0,9,0,7,11,0,5,3,1,17,8,13,15,0,18,4,0,14,2,0,16,10
927_2,11,0,14,9,0,17,12,8,13,0,1,4,0,7,5,2,16,0,0,18,3,10,6,15
927_3,0,2,0,1,9,5,14,10,18,8,12,15,17,7,13,4,0,0,0,6,0,11,16,3
928_1,6,13,0,18,0,2,10,0,11,8,3,17,5,15,16,19,12,7,0,4,1,0,9,14
929_1,5,6,0,17,0,2,8,0,14,16,7,11,15,12,3,18,10,9,0,4,1,0,19,13
929_2,8,18,4,17,0,11,6,15,12,0,7,9,0,2,14,1,19,0,0,10,16,13,5,3
929_3,0,1,0,7,17,14,4,13,10,15,6,3,11,2,12,9,0,0,18,5,0,8,19,16
92_1,6,17,0,14,0,16,8,0,10,7,13,19,12,3,4,18,1,5,0,15,9,0,11,2
92_2,8,18,15,14,0,19,17,12,3,0,13,5,0,16,10,9,11,0,0,1,7,2,6,4
92_3,0,9,0,13,14,10,15,2,1,12,17,4,19,16,3,5,0,0,18,6,0,8,11,7
930_2,13,11,5,15,0,14,16,6,12,19,2,10,0,1,8,3,20,0,0,7,18,4,9,17
930_3,0,3,0,2,15,8,5,4,7,6,16,17,14,1,12,10,0,19,11,9,0,13,20,18
931_1,13,5,0,16,0,2,14,0,11,18,3,15,19,10,9,17,7,12,0,6,1,0,8,4
931_2,14,17,6,16,0,15,5,19,10,0,3,12,0,2,11,1,8,0,0,7,18,4,13,9
931_3,0,1,0,3,16,11,6,4,7,19,5,9,15,2,10,12,0,0,17,13,0,14,8,18
932_2,8,13,3,12,0,15,9,11,14,20,17,5,0,2,16,1,19,0,0,7,6,4,10,18
932_3,0,1,0,17,12,16,3,4,7,11,9,18,15,2,14,5,0,20,13,10,0,8,19,6
933_1,15,14,0,9,0,1,8,0,0,13,12,0,11,4,5,0,7,10,0,3,2,0,16,6
933_3,0,2,0,12,9,0,3,6,7,11,14,5,0,1,4,10,0,0,0,15,0,8,16,13
934_2,10,0,6,15,0,0,7,1,13,0,5,9,0,4,0,3,0,0,0,2,11,14,12,8
934_3,0,3,0,5,15,0,6,14,2,1,7,8,0,4,13,9,0,0,0,12,0,10,0,11
936_1,5,8,0,16,0,3,7,0,12,6,1,18,10,13,14,11,17,15,20,2,9,0,19,4
936_2,7,11,2,16,0,18,8,10,13,20,1,15,0,3,12,9,19,0,0,17,6,4,5,14
936_3,0,9,0,1,16,12,2,4,17,10,8,14,18,3,13,15,0,20,11,5,0,7,19,6
937_2,17,0,4,11,0,16,8,10,15,0,3,7,0,2,18,1,12,0,0,5,6,13,9,14
937_3,0,1,0,3,11,18,4,13,5,10,8,14,16,2,15,7,0,0,0,9,0,17,12,6
938_2,16,0,9,15,0,18,4,3,14,0,2,7,0,5,12,1,17,0,0,10,6,8,11,13
938_3,0,1,0,2,15,12,9,8,10,3,4,13,18,5,14,7,0,0,0,11,0,16,17,6
939_1,2,10,0,15,0,6,4,0,20,9,1,11,8,12,13,14,16,17,18,3,5,0,19,7
939_2,4,14,3,15,0,11,10,8,12,18,1,17,0,6,20,5,19,0,0,16,9,7,2,13
939_3,0,5,0,1,15,20,3,7,16,8,10,13,11,6,12,17,0,18,14,2,0,4,19,9
93_1,8,4,0,18,0,5,7,0,15,6,3,16,13,10,19,17,9,12,0,2,11,0,14,1
93_3,0,11,0,3,18,15,2,1,9,13,4,19,16,5,10,12,0,0,17,8,0,7,14,6
940_1,19,13,0,10,0,4,15,0,17,8,2,11,20,14,12,9,7,6,18,5,1,0,16,3
940_2,15,9,5,10,0,11,13,20,14,18,2,6,0,4,17,1,16,0,0,7,8,3,19,12
940_3,0,1,0,2,10,17,5,3,7,20,13,12,11,4,14,6,0,18,9,19,0,15,16,8
941_1,6,2,0,8,0,14,15,0,16,5,13,0,11,3,4,0,7,10,0,9,1,0,12,17
941_2,15,0,9,8,0,0,2,11,3,0,13,10,0,14,16,1,12,0,0,7,5,17,6,4
942_1,4,5,0,7,0,2,11,0,9,10,6,16,13,15,12,0,14,18,0,8,1,0,17,3
942_2,11,0,8,7,0,16,5,13,15,0,6,18,0,2,9,1,17,0,0,14,10,3,4,12
942_3,0,1,0,6,7,9,8,3,14,13,5,12,16,2,15,18,0,0,0,4,0,11,17,10
943_1,13,4,0,18,0,1,14,0,11,10,9,7,12,8,19,17,6,16,0,15,2,0,5,3
943_2,14,17,15,18,0,7,4,12,8,0,9,16,0,1,11,2,5,0,0,6,10,3,13,19
944_1,17,9,0,15,0,1,6,0,7,16,3,10,8,13,12,18,14,11,0,4,2,0,19,5
944_2,6,18,4,15,0,10,9,8,13,0,3,11,0,1,7,2,19,0,0,14,16,5,17,12
944_3,0,2,0,3,15,7,4,5,14,8,9,12,10,1,13,11,0,0,18,17,0,6,19,16
945_1,18,8,0,16,0,1,7,0,15,9,4,12,10,19,14,17,6,5,0,3,2,0,13,11
945_2,7,17,3,16,0,12,8,10,19,0,4,5,0,1,15,2,13,0,0,6,9,11,18,14
945_3,0,2,0,4,16,15,3,11,6,10,8,14,12,1,19,5,0,0,17,18,0,7,13,9
948_2,21,12,2,15,19,17,6,7,9,14,1,16,0,3,20,5,4,0,0,10,8,13,18,11
948_3,0,5,0,1,15,20,2,13,10,7,6,11,17,3,9,16,19,14,12,18,0,21,4,8
949_2,11,0,8,18,0,16,6,4,2,0,14,9,0,1,13,3,7,0,0,12,17,5,10,15
949_3,0,3,0,14,18,13,8,5,12,4,6,15,16,1,2,9,0,0,0,10,0,11,7,17
94_1,7,3,0,12,0,10,11,0,13,8,4,14,9,15,5,20,6,16,19,2,18,0,17,1
94_2,11,20,2,12,0,14,3,9,15,19,4,16,0,10,13,18,17,0,0,6,8,1,7,5
94_3,0,18,0,4,12,13,2,1,6,9,3,5,14,10,15,16,0,19,20,7,0,11,17,8
950_1,6,14,0,3,5,1,20,0,19,13,9,22,2,4,10,11,7,21,12,17,16,15,18,8
950_2,20,11,17,3,5,22,14,2,4,12,9,21,15,1,19,16,18,0,0,7,13,8,6,10
950_3,15,16,0,9,3,19,17,8,7,2,14,10,22,1,4,21,5,12,11,6,0,20,18,13
951_2,16,14,4,6,0,10,2,5,7,0,8,13,0,1,11,3,15,0,0,18,17,19,9,12
951_3,0,3,0,8,6,11,4,19,18,5,2,12,10,1,7,13,0,0,14,9,0,16,15,17
952_1,13,5,0,2,0,4,20,0,6,1,10,11,3,18,8,15,12,17,16,9,7,0,14,19
952_2,20,15,9,2,0,11,5,3,18,16,10,17,0,4,6,7,14,0,0,12,1,19,13,8
952_3,0,7,0,10,2,6,9,19,12,3,5,8,11,4,18,17,0,16,15,13,0,20,14,1
953_1,10,1,0,21,16,2,19,0,15,5,4,20,12,8,18,6,7,13,17,11,3,0,14,9
953_2,19,6,11,21,16,20,1,12,8,17,4,13,0,2,15,3,14,0,0,7,5,9,10,18
953_3,0,3,0,4,21,15,11,9,7,12,1,18,20,2,8,13,16,17,6,10,0,19,14,5
954_1,6,13,0,17,19,9,14,0,21,11,12,15,7,10,1,18,4,8,16,5,2,0,3,20
954_2,14,18,5,17,19,15,13,7,10,16,12,8,0,9,21,2,3,0,0,4,11,20,6,1
954_3,0,2,0,12,17,21,5,20,4,7,13,1,15,9,10,8,19,16,18,6,0,14,3,11
955_1,21,7,0,11,20,1,19,0,18,6,2,15,10,16,17,14,3,12,8,9,5,0,13,4
956_1,13,5,0,11,15,6,9,0,14,17,4,19,12,20,16,10,21,8,7,2,1,0,3,18
956_3,0,1,0,4,11,14,2,18,21,12,5,16,19,6,20,8,15,7,10,13,0,9,3,17
957_1,19,5,0,12,20,2,18,0,3,9,11,15,8,10,14,7,4,16,17,6,1,0,21,13
957_2,18,7,6,12,20,15,5,8,10,17,11,16,0,2,3,1,21,0,0,4,9,13,19,14
957_3,0,1,0,11,12,3,6,13,4,8,5,14,15,2,10,16,20,17,7,19,0,18,21,9
958_1,12,3,0,18,21,2,16,0,4,9,5,14,17,6,22,7,13,10,15,11,1,19,20,8
958_2,16,7,11,18,21,14,3,17,6,15,5,10,19,2,4,1,20,0,0,13,9,8,12,22
958_3,19,1,0,5,18,4,11,8,13,17,3,22,14,2,6,10,21,15,7,12,0,16,20,9
959_1,13,3,0,21,14,4,11,0,2,8,5,22,18,10,9,19,17,12,20,6,1,16,15,7
959_2,11,19,6,21,14,22,3,18,10,20,5,12,16,4,2,1,15,0,0,17,8,7,13,9
95_1,9,6,0,13,0,2,12,0,0,15,3,0,1,4,8,0,5,7,0,10,11,0,16,14
960_1,12,13,0,16,0,1,14,0,15,7,10,0,6,4,11,0,2,3,0,17,5,0,9,8
960_3,0,5,0,10,16,15,17,8,2,6,13,11,0,1,4,3,0,0,0,12,0,14,9,7
961_2,19,13,3,16,0,14,6,8,10,20,2,12,0,1,9,5,17,0,0,7,11,4,18,15
962_1,9,16,0,7,0,1,20,0,19,2,13,17,8,5,18,14,10,11,15,4,3,0,12,6
962_3,0,3,0,13,7,19,4,6,10,8,16,18,17,1,5,11,0,15,14,9,0,20,12,2
963_1,19,5,0,4,0,14,8,0,6,2,13,10,20,15,12,17,18,9,7,3,1,0,11,16
963_2,8,17,3,4,0,10,5,20,15,7,13,9,0,14,6,1,11,0,0,18,2,16,19,12
963_3,0,1,0,13,4,6,3,16,18,20,5,12,10,14,15,9,0,7,17,19,0,8,11,2
964_1,9,7,0,12,20,1,17,0,3,8,2,18,14,22,21,11,4,10,15,5,6,19,16,13
964_2,17,11,5,12,20,18,7,14,22,15,2,10,19,1,3,6,16,0,0,4,8,13,9,21
965_2,14,17,8,15,20,5,13,4,7,18,3,11,0,2,19,1,9,0,0,6,12,16,21,10
965_3,0,1,0,3,15,19,8,16,6,4,13,10,5,2,7,11,20,18,17,21,0,14,9,12
966_1,15,12,0,17,18,2,13,0,3,4,7,16,6,11,14,10,9,19,21,5,1,0,20,8
966_2,13,10,5,17,18,16,12,6,11,21,7,19,0,2,3,1,20,0,0,9,4,8,15,14
966_3,0,1,0,7,17,3,5,8,9,6,12,14,16,2,11,19,18,21,10,15,0,13,20,4
967_1,15,12,0,21,10,2,18,0,9,7,11,8,19,14,17,20,5,6,13,4,1,0,3,16
967_2,18,20,4,21,10,8,12,19,14,13,11,6,0,2,9,1,3,0,0,5,7,16,15,17
967_3,0,1,0,11,21,9,4,16,5,19,12,17,8,2,14,6,10,13,20,15,0,18,3,7
968_1,16,5,0,2,0,3,12,0,18,8,6,15,13,14,7,20,9,10,11,4,1,0,19,17
968_2,12,20,4,2,0,15,5,13,14,11,6,10,0,3,18,1,19,0,0,9,8,17,16,7
968_3,0,1,0,6,2,18,4,17,9,13,5,7,15,3,14,10,0,11,20,16,0,12,19,8
969_1,10,19,0,8,0,11,5,0,18,20,12,13,2,4,7,16,3,9,15,6,1,0,14,17
969_2,5,16,6,8,0,13,19,2,4,15,12,9,0,11,18,1,14,0,0,3,20,17,10,7
969_3,0,1,0,12,8,18,6,17,3,2,19,7,13,11,4,9,0,15,16,10,0,5,14,20
96_1,15,5,0,10,0,4,6,0,17,12,11,0,7,1,13,0,2,3,0,14,9,0,16,8
96_2,6,0,14,10,0,0,5,7,1,0,11,3,0,4,17,9,16,0,0,2,12,8,15,13
970_1,11,9,0,6,0,7,3,0,15,2,14,12,5,4,17,0,10,8,0,13,1,0,16,18
970_2,3,0,13,6,0,12,9,5,4,0,14,8,0,7,15,1,16,0,0,10,2,18,11,17
971_1,17,16,0,13,0,14,11,0,10,4,8,18,5,6,9,0,1,12,0,7,2,0,15,3
971_2,11,0,7,13,0,18,16,5,6,0,8,12,0,14,10,2,15,0,0,1,4,3,17,9
971_3,0,2,0,8,13,10,7,3,1,5,16,9,18,14,6,12,0,0,0,17,0,11,15,4
972_1,11,5,0,8,0,3,14,0,0,12,1,0,9,6,7,0,16,10,0,2,4,0,13,15
972_2,14,0,2,8,0,0,5,9,6,0,1,10,0,3,0,4,13,0,0,16,12,15,11,7
972_3,0,4,0,1,8,0,2,15,16,9,5,7,0,3,6,10,0,0,0,11,0,14,13,12
973_1,14,16,0,12,0,11,17,0,6,3,5,13,10,18,7,0,8,4,0,1,2,0,15,9
973_2,17,0,1,12,0,13,16,10,18,0,5,4,0,11,6,2,15,0,0,8,3,9,14,7
973_3,0,2,0,5,12,6,1,9,8,10,16,7,13,11,18,4,0,0,0,14,0,17,15,3
974_2,4,15,20,6,0,13,9,2,14,17,10,7,0,1,19,12,16,0,0,3,5,18,11,8
974_3,0,12,0,10,6,19,20,18,3,2,9,8,13,1,14,7,0,17,15,11,0,4,16,5
975_1,15,9,0,17,0,10,14,0,7,3,5,13,16,6,8,0,12,4,0,18,1,0,11,2
976_1,14,10,0,15,0,12,13,0,7,11,9,8,2,5,17,0,18,3,0,6,1,0,16,4
976_2,13,0,6,15,0,8,10,2,5,0,9,3,0,12,7,1,16,0,0,18,11,4,14,17
976_3,0,1,0,9,15,7,6,4,18,2,10,17,8,12,5,3,0,0,0,14,0,13,16,11
977_1,17,18,0,16,0,4,12,0,8,1,7,10,6,9,14,0,11,3,0,2,5,0,13,15
977_2,12,0,2,16,0,10,18,6,9,0,7,3,0,4,8,5,13,0,0,11,1,15,17,14
977_3,0,5,0,7,16,8,2,15,11,6,18,14,10,4,9,3,0,0,0,17,0,12,13,1
978_1,18,15,0,17,0,13,3,0,7,14,6,12,4,2,11,0,5,8,0,10,1,0,9,16
978_2,3,0,10,17,0,12,15,4,2,0,6,8,0,13,7,1,9,0,0,5,14,16,18,11
979_2,6,15,1,11,0,10,14,16,2,0,17,8,0,7,9,5,18,0,0,13,3,4,19,12
979_3,0,5,0,17,11,9,1,4,13,16,14,12,10,7,2,8,0,0,15,19,0,6,18,3
97_1,5,1,0,8,0,3,16,0,17,11,12,18,15,7,14,0,6,2,0,13,10,0,9,4
97_2,16,0,13,8,0,18,1,15,7,0,12,2,0,3,17,10,9,0,0,6,11,4,5,14
97_3,0,10,0,12,8,17,13,4,6,15,1,14,18,3,7,2,0,0,0,5,0,16,9,11
980_2,11,0,10,16,0,17,15,2,4,0,6,7,0,12,8,1,14,0,0,3,5,18,13,9
981_1,11,10,0,13,0,14,20,0,17,9,18,12,3,6,19,4,2,8,5,7,1,0,15,16
981_2,20,4,7,13,0,12,10,3,6,5,18,8,0,14,17,1,15,0,0,2,9,16,11,19
982_1,5,8,0,9,0,13,7,0,0,11,6,0,4,14,2,0,15,10,0,3,1,0,12,16
982_2,7,0,3,9,0,0,8,4,14,0,6,10,0,13,0,1,12,0,0,15,11,16,5,2
982_3,0,1,0,6,9,0,3,16,15,4,8,2,0,13,14,10,0,0,0,5,0,7,12,11
983_1,1,18,0,16,0,10,11,0,17,4,5,7,15,8,19,14,12,3,0,9,2,0,6,13
983_2,11,14,9,16,0,7,18,15,8,0,5,3,0,10,17,2,6,0,0,12,4,13,1,19
983_3,0,2,0,5,16,17,9,13,12,15,18,19,7,10,8,3,0,0,14,1,0,11,6,4
984_1,13,2,0,3,0,14,16,0,12,5,6,0,11,8,9,0,10,4,0,7,1,0,15,17
984_2,16,0,7,3,0,0,2,11,8,0,6,4,0,14,12,1,15,0,0,10,5,17,13,9
984_3,0,1,0,6,3,12,7,17,10,11,2,9,0,14,8,4,0,0,0,13,0,16,15,5
985_1,16,12,0,14,0,8,9,0,15,3,11,18,2,5,13,0,17,4,0,10,1,0,7,6
985_2,9,0,10,14,0,18,12,2,5,0,11,4,0,8,15,1,7,0,0,17,3,6,16,13
986_1,1,9,0,10,0,11,17,0,7,2,4,14,16,6,13,12,8,5,0,15,19,0,3,18
986_2,17,12,15,10,0,14,9,16,6,0,4,5,0,11,7,19,3,0,0,8,2,18,1,13
986_3,0,19,0,4,10,7,15,18,8,16,9,13,14,11,6,5,0,0,12,1,0,17,3,2
987_1,4,12,0,13,0,6,16,0,15,14,8,0,1,3,17,0,2,7,0,5,9,0,11,10
987_2,16,0,5,13,0,0,12,1,3,0,8,7,0,6,15,9,11,0,0,2,14,10,4,17
988_3,0,2,0,7,17,9,10,6,1,3,19,14,13,11,5,8,0,18,16,20,0,12,15,4
989_1,9,8,0,15,0,10,14,0,18,13,12,17,5,2,7,0,4,6,0,3,1,0,16,11
989_2,14,0,3,15,0,17,8,5,2,0,12,6,0,10,18,1,16,0,0,4,13,11,9,7
98_2,14,0,8,0,0,0,10,9,3,0,5,12,0,4,0,11,0,0,0,1,2,6,13,7
98_3,0,11,0,5,0,0,8,6,1,9,10,7,0,4,3,12,0,0,0,13,0,14,0,2
990_1,14,11,0,5,0,8,16,0,17,6,18,15,13,3,7,0,12,2,0,1,4,0,10,9
990_3,0,4,0,18,5,17,1,9,12,13,11,7,15,8,3,2,0,0,0,14,0,16,10,6
991_2,15,17,1,12,0,20,19,10,4,16,14,6,0,11,18,5,13,0,0,9,2,8,3,7
991_3,0,5,0,14,12,18,1,8,9,10,19,7,20,11,4,6,0,16,17,3,0,15,13,2
992_1,6,18,0,8,0,14,15,0,16,3,12,9,11,10,5,0,17,7,0,1,2,0,13,4
992_2,15,0,1,8,0,9,18,11,10,0,12,7,0,14,16,2,13,0,0,17,3,4,6,5
992_3,0,2,0,12,8,16,1,4,17,11,18,5,9,14,10,7,0,0,0,6,0,15,13,3
993_1,14,8,0,17,0,10,12,0,16,15,3,0,13,4,6,0,5,7,0,2,1,0,9,11
994_1,14,16,0,6,0,7,12,0,10,5,9,15,18,4,11,13,17,1,19,2,3,0,20,8
994_2,12,13,2,6,0,15,16,18,4,19,9,1,0,7,10,3,20,0,0,17,5,8,14,11
994_3,0,3,0,9,6,10,2,8,17,18,16,11,15,7,4,1,0,19,13,14,0,12,20,5
995_1,3,16,0,7,0,11,17,0,10,2,18,15,14,6,8,0,13,5,0,1,4,0,12,9
995_2,17,0,1,7,0,15,16,14,6,0,18,5,0,11,10,4,12,0,0,13,2,9,3,8
995_3,0,4,0,18,7,10,1,9,13,14,16,8,15,11,6,5,0,0,0,3,0,17,12,2
996_1,2,15,0,16,0,18,12,0,7,13,9,17,8,4,10,0,6,3,0,11,1,0,14,5
996_2,12,0,11,16,0,17,15,8,4,0,9,3,0,18,7,1,14,0,0,6,13,5,2,10
996_3,0,1,0,9,16,7,11,5,6,8,15,10,17,18,4,3,0,0,0,2,0,12,14,13
997_1,3,16,0,10,0,19,20,0,15,2,12,18,7,4,9,17,8,5,14,6,1,0,13,11
997_2,20,17,6,10,0,18,16,7,4,14,12,5,0,19,15,1,13,0,0,8,2,11,3,9
997_3,0,1,0,12,10,15,6,11,8,7,16,9,18,19,4,5,0,14,17,3,0,20,13,2
998_1,3,15,0,9,0,12,16,0,13,2,17,8,14,4,7,18,11,5,0,1,6,0,19,10
998_2,16,18,1,9,0,8,15,14,4,0,17,5,0,12,13,6,19,0,0,11,2,10,3,7
998_3,0,6,0,17,9,13,1,10,11,14,15,7,8,12,4,5,0,0,18,3,0,16,19,2
999_1,4,15,0,14,0,12,19,0,20,2,8,18,9,3,6,11,5,13,16,1,7,0,17,10
999_3,0,7,0,8,14,20,1,10,5,9,15,6,18,12,3,13,0,16,11,4,0,19,17,2
99_1,2,8,0,12,0,1,13,0,16,4,3,19,14,7,5,20,15,10,11,9,17,0,18,6
99_2,13,20,9,12,0,19,8,14,7,11,3,10,0,1,16,17,18,0,0,15,4,6,2,5
99_3,0,17,0,3,12,16,9,6,15,14,8,5,19,1,7,10,0,11,20,2,0,13,18,4
9_1,5,15,0,2,0,13,8,0,6,10,18,12,3,9,17,1,16,7,14,11,20,0,4,19
9_2,8,1,11,2,0,12,15,3,9,14,18,7,0,13,6,20,4,0,0,16,10,19,5,17
