copy_id,driver1_lap_01,driver2_lap_01,driver3_lap_01,driver4_lap_01,driver5_lap_01,driver6_lap_01,driver7_lap_01,driver8_lap_01,driver9_lap_01,driver10_lap_01,driver11_lap_01,driver12_lap_01,driver13_lap_01,driver14_lap_01,driver15_lap_01,driver16_lap_01,driver17_lap_01,driver18_lap_01,driver19_lap_01,driver20_lap_01,driver21_lap_01,driver22_lap_01,driver23_lap_01,driver24_lap_01
1000_1,5,18,0,14,0,11,13,0,6,2,15,9,12,4,10,17,7,16,0,3,1,0,19,8
1000_3,0,1,0,15,14,6,3,8,7,12,18,10,9,11,4,16,0,0,17,5,0,13,19,2
1001_1,16,14,0,8,0,17,11,0,10,9,15,0,3,1,12,0,5,7,0,6,2,0,13,4
1001_2,11,0,6,8,0,0,14,3,1,0,15,7,0,17,10,2,13,0,0,5,9,4,16,12
1002_1,3,19,0,7,0,10,15,0,11,4,13,14,5,1,16,9,12,17,0,18,2,0,8,6
1002_2,15,9,18,7,0,14,19,5,1,0,13,17,0,10,11,2,8,0,0,12,4,6,3,16
1003_1,3,14,0,19,0,9,18,0,16,4,7,13,8,5,11,17,15,6,0,2,1,0,12,10
1003_2,18,17,2,19,0,13,14,8,5,0,7,6,0,9,16,1,12,0,0,15,4,10,3,11
1003_3,0,1,0,7,19,16,2,10,15,8,14,11,13,9,5,6,0,0,17,3,0,18,12,4
1004_2,17,6,3,7,0,19,10,9,4,15,8,18,0,16,20,2,14,0,0,5,1,11,13,12
1005_1,3,20,0,9,0,15,19,0,7,2,8,10,6,5,16,13,12,14,18,4,1,0,17,11
1005_2,19,13,4,9,0,10,20,6,5,18,8,14,0,15,7,1,17,0,0,12,2,11,3,16
1005_3,0,1,0,8,9,7,4,11,12,6,20,16,10,15,5,14,0,18,13,3,0,19,17,2
1006_3,0,2,0,8,7,14,15,6,10,19,16,5,12,20,1,4,0,11,17,9,0,13,18,3
1007_3,0,2,0,11,16,17,4,6,14,18,10,8,20,12,7,3,0,15,9,1,0,19,13,5
1008_1,5,9,0,19,0,15,20,0,8,2,12,16,7,4,14,6,11,10,17,3,1,0,18,13
1008_2,20,6,3,19,0,16,9,7,4,17,12,10,0,15,8,1,18,0,0,11,2,13,5,14
1009_1,11,9,0,15,0,14,8,0,19,16,6,5,7,4,10,18,12,2,0,3,1,0,13,17
1009_2,8,18,3,15,0,5,9,7,4,0,6,2,0,14,19,1,13,0,0,12,16,17,11,10
1009_3,0,1,0,6,15,19,3,17,12,7,9,10,5,14,4,2,0,0,18,11,0,8,13,16
100_2,15,20,7,12,0,19,2,10,1,11,5,9,0,14,13,16,18,0,0,17,3,8,4,6
100_3,0,16,0,5,12,13,7,8,17,10,2,6,19,14,1,9,0,11,20,4,0,15,18,3
1010_1,4,15,0,16,0,9,13,0,5,1,12,10,7,19,8,18,6,20,11,3,2,0,17,14
1010_2,13,18,3,16,0,10,15,7,19,11,12,20,0,9,5,2,17,0,0,6,1,14,4,8
1010_3,0,2,0,12,16,5,3,14,6,7,15,8,10,9,19,20,0,11,18,4,0,13,17,1
1011_1,5,16,0,15,0,8,19,0,3,2,10,14,20,17,11,18,7,9,13,1,4,0,12,6
1011_2,19,18,1,15,0,14,16,20,17,13,10,9,0,8,3,4,12,0,0,7,2,6,5,11
1011_3,0,4,0,10,15,3,1,6,7,20,16,11,14,8,17,9,0,13,18,5,0,19,12,2
1012_1,5,17,0,14,0,12,13,0,3,2,8,20,10,16,9,15,11,7,18,4,1,0,6,19
1012_3,0,1,0,8,14,3,4,19,11,10,17,9,20,12,16,7,0,18,15,5,0,13,6,2
1013_1,5,7,0,15,0,17,11,0,10,1,4,6,16,20,14,18,13,9,12,3,2,0,19,8
1013_3,0,2,0,4,15,10,3,8,13,16,7,14,6,17,20,9,0,12,18,5,0,11,19,1
1014_1,3,9,0,15,0,20,14,0,5,2,13,16,7,17,18,19,8,12,10,4,1,0,6,11
1014_2,14,19,4,15,0,16,9,7,17,10,13,12,0,20,5,1,6,0,0,8,2,11,3,18
1014_3,0,1,0,13,15,5,4,11,8,7,9,18,16,20,17,12,0,10,19,3,0,14,6,2
1015_1,3,9,0,19,0,17,15,0,14,2,16,13,12,18,11,20,6,5,10,4,1,0,7,8
1015_2,15,20,4,19,0,13,9,12,18,10,16,5,0,17,14,1,7,0,0,6,2,8,3,11
1015_3,0,1,0,16,19,14,4,8,6,12,9,11,13,17,18,5,0,10,20,3,0,15,7,2
1016_1,9,10,0,13,0,17,14,0,3,7,12,8,18,16,6,15,19,4,20,1,2,0,5,11
1016_2,14,15,1,13,0,8,10,18,16,20,12,4,0,17,3,2,5,0,0,19,7,11,9,6
1016_3,0,2,0,12,13,3,1,11,19,18,10,6,8,17,16,4,0,20,15,9,0,14,5,7
1017_1,4,20,0,9,0,11,15,0,3,2,13,6,18,17,12,19,14,10,16,7,1,0,8,5
1017_2,15,19,7,9,0,6,20,18,17,16,13,10,0,11,3,1,8,0,0,14,2,5,4,12
1017_3,0,1,0,13,9,3,7,5,14,18,20,12,6,11,17,10,0,16,19,4,0,15,8,2
1018_1,7,19,0,9,0,4,13,0,1,2,11,5,15,16,12,20,10,14,18,6,3,0,8,17
1018_2,13,20,6,9,0,5,19,15,16,18,11,14,0,4,1,3,8,0,0,10,2,17,7,12
1018_3,0,3,0,11,9,1,6,17,10,15,19,12,5,4,16,14,0,18,20,7,0,13,8,2
1019_1,4,16,0,13,0,12,15,0,3,1,14,7,19,18,9,17,20,8,10,5,2,0,6,11
1019_2,15,17,5,13,0,7,16,19,18,10,14,8,0,12,3,2,6,0,0,20,1,11,4,9
1019_3,0,2,0,14,13,3,5,11,20,19,16,9,7,12,18,8,0,10,17,4,0,15,6,1
101_2,10,18,9,8,0,14,20,15,3,17,4,6,0,2,19,16,11,0,0,13,12,7,1,5
101_3,0,16,0,4,8,19,9,7,13,15,20,5,14,2,3,6,0,17,18,1,0,10,11,12
1020_1,4,17,0,12,0,3,15,0,6,2,11,19,7,20,5,18,10,13,16,14,1,0,8,9
1020_2,15,18,14,12,0,19,17,7,20,16,11,13,0,3,6,1,8,0,0,10,2,9,4,5
1020_3,0,1,0,11,12,6,14,9,10,7,17,5,19,3,20,13,0,16,18,4,0,15,8,2
1021_2,17,14,5,18,0,7,15,10,20,13,12,19,0,8,3,2,9,0,0,16,4,6,1,11
1021_3,0,2,0,12,18,3,5,6,16,10,15,11,7,8,20,19,0,13,14,1,0,17,9,4
1022_2,12,13,2,9,0,15,11,6,16,0,8,17,0,18,5,3,1,0,0,7,4,10,19,14
1022_3,0,3,0,8,9,5,2,10,7,6,11,14,15,18,16,17,0,0,13,19,0,12,1,4
1023_1,20,12,0,10,0,19,7,0,1,3,17,18,16,13,4,15,11,6,9,5,2,0,14,8
1023_2,7,15,5,10,0,18,12,16,13,9,17,6,0,19,1,2,14,0,0,11,3,8,20,4
1023_3,0,2,0,17,10,1,5,8,11,16,12,4,18,19,13,6,0,9,15,20,0,7,14,3
1024_1,4,12,0,8,0,11,13,0,1,5,14,7,17,16,18,19,9,15,6,3,2,0,10,20
1024_2,13,19,3,8,0,7,12,17,16,6,14,15,0,11,1,2,10,0,0,9,5,20,4,18
1025_3,0,3,0,19,13,6,1,11,14,9,8,7,16,15,17,5,0,0,18,4,0,12,2,10
1027_1,8,9,0,15,0,16,14,0,1,7,11,6,20,18,13,19,17,12,3,2,5,0,10,4
1027_2,14,19,2,15,0,6,9,20,18,3,11,12,0,16,1,5,10,0,0,17,7,4,8,13
1027_3,0,5,0,11,15,1,2,4,17,20,9,13,6,16,18,12,0,3,19,8,0,14,10,7
1028_1,2,15,0,16,0,12,17,0,4,1,18,5,14,19,13,20,10,7,11,6,3,0,8,9
1028_3,0,3,0,18,16,4,6,9,10,14,15,13,5,12,19,7,0,11,20,2,0,17,8,1
1029_2,14,20,3,10,0,12,17,7,19,5,15,13,0,8,11,2,6,0,0,9,4,18,1,16
1029_3,0,2,0,15,10,11,3,18,9,7,17,16,12,8,19,13,0,5,20,1,0,14,6,4
102_1,1,2,0,19,0,3,14,0,15,5,6,16,17,7,11,18,9,12,20,8,13,0,10,4
102_2,14,18,8,19,0,16,2,17,7,20,6,12,0,3,15,13,10,0,0,9,5,4,1,11
102_3,0,13,0,6,19,15,8,4,9,17,2,11,16,3,7,12,0,20,18,1,0,14,10,5
1030_1,3,16,0,13,0,14,12,0,2,15,11,6,17,18,10,19,9,8,5,4,1,0,20,7
1031_1,16,8,0,12,0,17,14,0,3,15,1,19,6,10,11,4,2,13,20,18,5,0,7,9
1031_2,14,4,18,12,0,19,8,6,10,20,1,13,0,17,3,5,7,0,0,2,15,9,16,11
1031_3,0,5,0,1,12,3,18,9,2,6,8,11,19,17,10,13,0,20,4,16,0,14,7,15
1032_1,6,3,0,8,0,20,15,0,10,14,4,12,17,16,7,5,2,13,18,19,1,0,9,11
1032_2,15,5,19,8,0,12,3,17,16,18,4,13,0,20,10,1,9,0,0,2,14,11,6,7
1032_3,0,1,0,4,8,10,19,11,2,17,3,7,12,20,16,13,0,18,5,6,0,15,9,14
1033_1,16,8,0,12,0,14,18,0,13,17,6,15,7,4,9,11,3,19,10,20,1,0,5,2
1033_2,18,11,20,12,0,15,8,7,4,10,6,19,0,14,13,1,5,0,0,3,17,2,16,9
1034_1,8,9,0,4,0,17,11,0,18,3,15,12,6,10,2,19,5,14,0,16,1,0,7,13
1034_2,11,19,16,4,0,12,9,6,10,0,15,14,0,17,18,1,7,0,0,5,3,13,8,2
1035_2,15,9,16,7,0,17,11,4,20,18,1,13,0,19,8,2,10,0,0,3,14,5,12,6
1035_3,0,2,0,1,7,8,16,5,3,4,11,6,17,19,20,13,0,18,9,12,0,15,10,14
1036_1,16,7,0,8,0,15,19,0,10,13,4,18,5,11,12,6,2,14,20,17,1,0,9,3
1036_2,19,6,17,8,0,18,7,5,11,20,4,14,0,15,10,1,9,0,0,2,13,3,16,12
1036_3,0,1,0,4,8,10,17,3,2,5,7,12,18,15,11,14,0,20,6,16,0,19,9,13
1037_1,7,5,0,8,0,16,10,0,17,12,2,6,9,13,4,19,3,15,0,18,1,0,11,14
1038_1,9,2,0,10,0,12,14,0,3,11,6,17,4,18,5,15,7,20,19,16,1,0,13,8
1038_2,14,15,16,10,0,17,2,4,18,19,6,20,0,12,3,1,13,0,0,7,11,8,9,5
1038_3,0,1,0,6,10,3,16,8,7,4,2,5,17,12,18,20,0,19,15,9,0,14,13,11
1039_1,5,10,0,8,0,16,3,0,4,9,1,13,7,18,6,0,15,12,0,17,2,0,11,14
1039_2,3,0,17,8,0,13,10,7,18,0,1,12,0,16,4,2,11,0,0,15,9,14,5,6
1039_3,0,2,0,1,8,4,17,14,15,7,10,6,13,16,18,12,0,0,0,5,0,3,11,9
103_1,9,6,0,16,0,2,8,0,0,14,11,0,3,5,1,0,4,7,0,12,15,0,13,10
103_3,0,15,0,11,16,0,12,10,4,3,6,1,0,2,5,7,0,0,0,9,0,8,13,14
1040_1,12,4,0,18,0,15,8,0,17,11,2,14,6,13,5,0,3,9,0,10,1,0,16,7
1040_2,8,0,10,18,0,14,4,6,13,0,2,9,0,15,17,1,16,0,0,3,11,7,12,5
1041_1,10,3,0,13,0,19,11,0,7,14,5,16,17,12,8,6,15,1,18,20,2,0,4,9
1041_2,11,6,20,13,0,16,3,17,12,18,5,1,0,19,7,2,4,0,0,15,14,9,10,8
1041_3,0,2,0,5,13,7,20,9,15,17,3,8,16,19,12,1,0,18,6,10,0,11,4,14
1042_1,12,2,0,10,0,7,14,0,4,19,1,13,20,15,8,9,5,17,18,16,3,0,6,11
1042_2,14,9,16,10,0,13,2,20,15,18,1,17,0,7,4,3,6,0,0,5,19,11,12,8
1043_1,12,10,0,5,0,16,14,0,9,8,1,13,11,15,4,7,2,20,18,17,3,0,6,19
1043_3,0,3,0,1,5,9,17,19,2,11,10,4,13,16,15,20,0,18,7,12,0,14,6,8
1044_1,19,9,0,13,0,8,11,0,15,12,18,17,2,3,7,5,4,10,20,16,6,0,14,1
1044_2,11,5,16,13,0,17,9,2,3,20,18,10,0,8,15,6,14,0,0,4,12,1,19,7
1045_1,12,8,0,10,0,17,7,0,18,2,14,4,5,15,6,16,13,19,0,3,1,0,9,11
1045_2,7,16,3,10,0,4,8,5,15,0,14,19,0,17,18,1,9,0,0,13,2,11,12,6
1046_1,7,13,0,12,0,9,1,0,16,8,5,15,2,18,11,0,6,3,0,4,17,0,14,10
1046_2,1,0,4,12,0,15,13,2,18,0,5,3,0,9,16,17,14,0,0,6,8,10,7,11
1046_3,0,17,0,5,12,16,4,10,6,2,13,11,15,9,18,3,0,0,0,7,0,1,14,8
1047_1,8,9,0,13,0,14,10,0,16,1,17,5,11,12,2,19,6,7,18,20,3,0,4,15
104_1,15,1,0,10,0,2,9,0,14,5,8,12,7,4,16,17,13,11,0,6,18,0,19,3
104_2,9,17,6,10,0,12,1,7,4,0,8,11,0,2,14,18,19,0,0,13,5,3,15,16
104_3,0,18,0,8,10,14,6,3,13,7,1,16,12,2,4,11,0,0,17,15,0,9,19,5
1051_1,14,10,0,5,0,2,13,0,19,7,11,8,9,12,16,20,6,4,18,17,1,0,15,3
1051_2,13,20,17,5,0,8,10,9,12,18,11,4,0,2,19,1,15,0,0,6,7,3,14,16
1051_3,0,1,0,11,5,19,17,3,6,9,10,16,8,2,12,4,0,18,20,14,0,13,15,7
1052_1,12,9,0,6,0,8,3,0,17,10,4,15,19,11,7,18,13,1,0,14,2,0,16,5
1052_2,3,18,14,6,0,15,9,19,11,0,4,1,0,8,17,2,16,0,0,13,10,5,12,7
1052_3,0,2,0,4,6,17,14,5,13,19,9,7,15,8,11,1,0,0,18,12,0,3,16,10
1053_1,13,7,0,9,0,17,3,0,15,8,10,19,4,12,5,16,14,1,0,18,2,0,11,6
1053_2,3,16,18,9,0,19,7,4,12,0,10,1,0,17,15,2,11,0,0,14,8,6,13,5
1053_3,0,2,0,10,9,15,18,6,14,4,7,5,19,17,12,1,0,0,16,13,0,3,11,8
1054_2,8,20,10,6,0,16,17,5,13,19,1,3,0,15,18,2,11,0,0,7,4,9,12,14
1055_1,15,11,0,9,0,10,3,0,19,8,4,18,6,14,5,20,7,1,16,12,2,0,17,13
1055_3,0,2,0,4,9,19,12,13,7,6,11,5,18,10,14,1,0,16,20,15,0,3,17,8
1056_1,9,11,0,15,0,14,4,0,17,3,2,19,8,12,13,18,10,1,0,7,6,0,16,5
1056_2,4,18,7,15,0,19,11,8,12,0,2,1,0,14,17,6,16,0,0,10,3,5,9,13
1056_3,0,6,0,2,15,17,7,5,10,8,11,13,19,14,12,1,0,0,18,9,0,4,16,3
1057_1,15,16,0,12,0,7,1,0,17,6,10,8,4,14,13,19,11,3,18,9,2,0,20,5
1057_2,1,19,9,12,0,8,16,4,14,18,10,3,0,7,17,2,20,0,0,11,6,5,15,13
1057_3,0,2,0,10,12,17,9,5,11,4,16,13,8,7,14,3,0,18,19,15,0,1,20,6
1058_1,18,6,0,3,0,7,14,0,19,11,5,10,4,13,9,16,15,1,17,12,2,0,8,20
1058_2,14,16,12,3,0,10,6,4,13,17,5,1,0,7,19,2,8,0,0,15,11,20,18,9
1058_3,0,2,0,5,3,19,12,20,15,4,6,9,10,7,13,1,0,17,16,18,0,14,8,11
1059_1,13,16,0,10,0,8,7,0,15,5,3,18,4,14,9,20,11,2,19,12,1,0,17,6
1059_2,7,20,12,10,0,18,16,4,14,19,3,2,0,8,15,1,17,0,0,11,5,6,13,9
1059_3,0,1,0,3,10,15,12,6,11,4,16,9,18,8,14,2,0,19,20,13,0,7,17,5
105_1,7,1,0,15,0,3,12,0,9,5,8,17,14,2,4,19,6,10,18,16,13,0,11,20
105_2,12,19,16,15,0,17,1,14,2,18,8,10,0,3,9,13,11,0,0,6,5,20,7,4
105_3,0,13,0,8,15,9,16,20,6,14,1,4,17,3,2,10,0,18,19,7,0,12,11,5
1060_1,6,12,0,13,0,16,2,0,7,14,5,19,3,15,11,17,8,1,0,9,4,0,18,10
1060_2,2,17,9,13,0,19,12,3,15,0,5,1,0,16,7,4,18,0,0,8,14,10,6,11
1061_1,12,13,0,14,0,7,4,0,15,10,3,18,19,9,5,16,11,8,0,6,2,0,17,1
1061_2,4,16,6,14,0,18,13,19,9,0,3,8,0,7,15,2,17,0,0,11,10,1,12,5
1061_3,0,2,0,3,14,15,6,1,11,19,13,5,18,7,9,8,0,0,16,12,0,4,17,10
1062_1,8,15,0,13,0,7,5,0,0,16,4,0,14,10,9,0,12,2,0,3,1,0,11,6
1062_2,5,0,3,13,0,0,15,14,10,0,4,2,0,7,0,1,11,0,0,12,16,6,8,9
1062_3,0,1,0,4,13,0,3,6,12,14,15,9,0,7,10,2,0,0,0,8,0,5,11,16
1063_1,13,18,0,14,0,11,8,0,9,10,12,15,20,19,4,17,7,1,16,5,3,0,2,6
1063_2,8,17,5,14,0,15,18,20,19,16,12,1,0,11,9,3,2,0,0,7,10,6,13,4
1063_3,0,3,0,12,14,9,5,6,7,20,18,4,15,11,19,1,0,16,17,13,0,8,2,10
1064_2,5,17,15,13,0,14,12,19,16,18,3,1,0,7,20,2,11,0,0,8,6,4,10,9
1064_3,0,2,0,3,13,20,15,4,8,19,12,9,14,7,16,1,0,18,17,10,0,5,11,6
1065_1,19,8,0,3,0,9,5,0,11,6,16,17,7,14,1,15,10,2,0,12,4,0,13,18
1065_2,5,15,12,3,0,17,8,7,14,0,16,2,0,9,11,4,13,0,0,10,6,18,19,1
1065_3,0,4,0,16,3,11,12,18,10,7,8,1,17,9,14,2,0,0,15,19,0,5,13,6
1066_1,19,4,0,2,0,6,12,0,16,1,15,20,8,10,5,13,9,17,18,11,7,0,3,14
1066_2,12,13,11,2,0,20,4,8,10,18,15,17,0,6,16,7,3,0,0,9,1,14,19,5
1066_3,0,7,0,15,2,16,11,14,9,8,4,5,20,6,10,17,0,18,13,19,0,12,3,1
1067_2,3,19,10,6,0,8,7,4,13,15,1,2,0,16,20,9,14,0,0,11,17,5,12,18
1067_3,0,9,0,1,6,20,10,5,11,4,7,18,8,16,13,2,0,15,19,12,0,3,14,17
1069_1,11,18,0,7,0,16,4,0,19,6,9,8,3,12,5,20,13,2,17,15,1,0,14,10
1069_2,4,20,15,7,0,8,18,3,12,17,9,2,0,16,19,1,14,0,0,13,6,10,11,5
1069_3,0,1,0,9,7,19,15,10,13,3,18,5,8,16,12,2,0,17,20,11,0,4,14,6
106_1,13,9,0,12,0,10,1,0,8,6,7,14,4,11,18,19,3,5,20,17,15,0,16,2
106_2,1,19,17,12,0,14,9,4,11,20,7,5,0,10,8,15,16,0,0,3,6,2,13,18
106_3,0,15,0,7,12,8,17,2,3,4,9,18,14,10,11,5,0,20,19,13,0,1,16,6
1070_1,6,17,0,15,0,12,5,0,13,7,18,11,3,10,16,0,14,1,0,8,2,0,9,4
1070_2,5,0,8,15,0,11,17,3,10,0,18,1,0,12,13,2,9,0,0,14,7,4,6,16
1070_3,0,2,0,18,15,13,8,4,14,3,17,16,11,12,10,1,0,0,0,6,0,5,9,7
1071_1,13,12,0,20,0,11,4,0,18,5,3,14,2,19,9,16,10,1,15,7,6,0,17,8
1071_3,0,6,0,3,20,18,7,8,10,2,12,9,14,11,19,1,0,15,16,13,0,4,17,5
1072_2,4,20,15,6,0,12,16,5,14,18,2,3,0,11,19,1,17,0,0,7,13,8,10,9
1072_3,0,1,0,2,6,19,15,8,7,5,16,9,12,11,14,3,0,18,20,10,0,4,17,13
1073_1,13,14,0,5,0,11,6,0,16,4,8,7,3,17,10,18,9,2,0,15,1,0,19,12
1073_2,6,18,15,5,0,7,14,3,17,0,8,2,0,11,16,1,19,0,0,9,4,12,13,10
1073_3,0,1,0,8,5,16,15,12,9,3,14,10,7,11,17,2,0,0,18,13,0,6,19,4
1074_1,8,17,0,7,0,9,16,0,18,3,5,12,20,15,14,13,10,2,19,6,4,0,11,1
1074_2,16,13,6,7,0,12,17,20,15,19,5,2,0,9,18,4,11,0,0,10,3,1,8,14
1075_1,10,12,0,6,0,7,11,0,17,4,9,18,13,16,8,0,5,3,0,1,14,0,15,2
1075_2,11,0,1,6,0,18,12,13,16,0,9,3,0,7,17,14,15,0,0,5,4,2,10,8
1075_3,0,14,0,9,6,17,1,2,5,13,12,8,18,7,16,3,0,0,0,10,0,11,15,4
1076_1,9,19,0,5,0,10,6,0,18,14,16,11,7,17,12,13,8,2,15,4,3,0,20,1
1076_2,6,13,4,5,0,11,19,7,17,15,16,2,0,10,18,3,20,0,0,8,14,1,9,12
1077_2,6,18,2,15,0,17,14,19,9,0,5,1,0,8,10,12,16,0,0,11,13,3,4,7
1077_3,0,12,0,5,15,10,2,3,11,19,14,7,17,8,9,1,0,0,18,4,0,6,16,13
1078_1,6,19,0,15,0,7,9,0,17,3,13,10,11,20,5,12,18,2,14,4,8,0,16,1
1078_2,9,12,4,15,0,10,19,11,20,14,13,2,0,7,17,8,16,0,0,18,3,1,6,5
1078_3,0,8,0,13,15,17,4,1,18,11,19,5,10,7,20,2,0,14,12,6,0,9,16,3
1079_1,12,14,0,3,0,15,10,0,18,5,20,11,8,13,7,6,9,2,17,4,19,0,16,1
1079_2,10,6,4,3,0,11,14,8,13,17,20,2,0,15,18,19,16,0,0,9,5,1,12,7
1079_3,0,19,0,20,3,18,4,1,9,8,14,7,11,15,13,2,0,17,6,12,0,10,16,5
107_1,2,18,0,5,0,15,10,0,16,13,17,11,6,1,4,19,3,8,20,14,12,0,9,7
107_2,10,19,14,5,0,11,18,6,1,20,17,8,0,15,16,12,9,0,0,3,13,7,2,4
107_3,0,12,0,17,5,16,14,7,3,6,18,4,11,15,1,8,0,20,19,2,0,10,9,13
1080_1,17,19,0,6,0,7,5,0,20,2,13,11,14,9,12,15,10,4,18,3,8,0,16,1
1080_2,5,15,3,6,0,11,19,14,9,18,13,4,0,7,20,8,16,0,0,10,2,1,17,12
1080_3,0,8,0,13,6,20,3,1,10,14,19,12,11,7,9,4,0,18,15,17,0,5,16,2
1081_1,6,17,0,5,0,10,11,0,19,4,18,9,12,8,16,20,13,3,14,1,7,0,15,2
1081_2,11,20,1,5,0,9,17,12,8,14,18,3,0,10,19,7,15,0,0,13,4,2,6,16
1081_3,0,7,0,18,5,19,1,2,13,12,17,16,9,10,8,3,0,14,20,6,0,11,15,4
1082_3,0,4,0,5,7,20,11,18,6,9,16,13,19,2,15,1,0,10,8,17,0,14,12,3
1083_1,11,14,0,8,0,5,7,0,15,2,12,0,10,13,9,0,17,1,0,6,3,0,16,4
1083_2,7,0,6,8,0,0,14,10,13,0,12,1,0,5,15,3,16,0,0,17,2,4,11,9
1083_3,0,3,0,12,8,15,6,4,17,10,14,9,0,5,13,1,0,0,0,11,0,7,16,2
1084_1,12,11,0,4,0,18,10,0,16,3,6,15,9,17,19,8,5,1,14,20,7,0,13,2
1084_2,10,8,20,4,0,15,11,9,17,14,6,1,0,18,16,7,13,0,0,5,3,2,12,19
1084_3,0,7,0,6,4,16,20,2,5,9,11,19,15,18,17,1,0,14,8,12,0,10,13,3
1085_1,15,10,0,6,0,5,7,0,17,18,13,20,8,11,16,14,9,2,19,4,3,0,12,1
1085_2,7,14,4,6,0,20,10,8,11,19,13,2,0,5,17,3,12,0,0,9,18,1,15,16
1085_3,0,3,0,13,6,17,4,1,9,8,10,16,20,5,11,2,0,19,14,15,0,7,12,18
1086_2,4,12,9,1,0,16,14,11,18,17,10,8,0,7,19,5,15,0,0,6,2,3,20,13
1086_3,0,5,0,10,1,19,9,3,6,11,14,13,16,7,18,8,0,17,12,20,0,4,15,2
1087_3,0,4,0,8,7,18,6,15,9,14,19,11,17,5,2,1,0,0,16,10,0,3,12,13
1088_2,6,10,5,7,0,11,8,17,18,14,15,1,0,13,20,4,16,0,0,9,3,2,12,19
1088_3,0,4,0,15,7,20,5,2,9,17,8,19,11,13,18,1,0,14,10,12,0,6,16,3
1089_1,5,11,0,2,0,7,6,0,18,16,12,17,3,10,20,9,13,4,8,15,19,0,14,1
1089_2,6,9,15,2,0,17,11,3,10,8,12,4,0,7,18,19,14,0,0,13,16,1,5,20
108_2,16,12,10,19,0,20,1,9,17,15,6,18,0,8,5,3,11,0,0,13,2,7,4,14
108_3,0,3,0,6,19,5,10,7,13,9,1,14,20,8,17,18,0,15,12,4,0,16,11,2
1091_1,7,10,0,19,0,6,5,0,17,3,11,9,13,8,16,14,15,12,18,1,4,0,20,2
1091_3,0,4,0,11,19,17,1,2,15,13,10,16,9,6,8,12,0,18,14,7,0,5,20,3
1092_1,2,18,0,15,0,6,7,0,10,4,12,17,8,16,14,0,11,1,0,3,5,0,9,13
1092_2,7,0,3,15,0,17,18,8,16,0,12,1,0,6,10,5,9,0,0,11,4,13,2,14
1093_1,8,3,0,4,0,12,6,0,16,19,18,14,13,5,11,15,20,1,17,7,2,0,9,10
1093_2,6,15,7,4,0,14,3,13,5,17,18,1,0,12,16,2,9,0,0,20,19,10,8,11
1093_3,0,2,0,18,4,16,7,10,20,13,3,11,14,12,5,1,0,17,15,8,0,6,9,19
1094_1,16,15,0,4,0,7,10,0,20,5,18,11,13,14,8,17,9,1,12,3,2,0,19,6
1094_3,0,2,0,18,4,20,3,6,9,13,15,8,11,7,14,1,0,12,17,16,0,10,19,5
1095_3,0,2,0,7,16,10,4,1,9,11,6,3,13,15,8,14,0,0,0,5,0,17,18,12
1096_1,18,12,0,7,0,10,6,0,19,5,16,11,14,9,20,13,8,1,15,2,4,0,17,3
1096_2,6,13,2,7,0,11,12,14,9,15,16,1,0,10,19,4,17,0,0,8,5,3,18,20
1096_3,0,4,0,16,7,19,2,3,8,14,12,20,11,10,9,1,0,15,13,18,0,6,17,5
1098_1,2,19,0,12,0,7,6,0,17,11,1,20,8,14,18,16,9,4,13,3,5,0,15,10
1098_3,0,5,0,1,12,17,3,10,9,8,19,18,20,7,14,4,0,13,16,2,0,6,15,11
1099_1,9,8,0,16,0,1,3,0,10,6,13,18,15,12,11,19,4,5,20,2,7,0,14,17
1099_2,3,19,2,16,0,18,8,15,12,20,13,5,0,1,10,7,14,0,0,4,6,17,9,11
10_1,19,10,0,7,0,15,9,0,16,12,4,14,6,5,8,18,11,13,0,1,3,0,17,2
10_3,0,3,0,4,7,16,1,2,11,6,10,8,14,15,5,13,0,0,18,19,0,9,17,12
1100_1,11,8,0,10,0,5,6,0,14,15,3,13,19,9,12,17,7,4,0,18,2,0,16,1
1100_2,6,17,18,10,0,13,8,19,9,0,3,4,0,5,14,2,16,0,0,7,15,1,11,12
1100_3,0,2,0,3,10,14,18,1,7,19,8,12,13,5,9,4,0,0,17,11,0,6,16,15
1101_1,1,15,0,12,0,6,9,0,16,19,2,17,18,20,13,11,7,4,14,3,5,0,10,8
1101_2,9,11,3,12,0,17,15,18,20,14,2,4,0,6,16,5,10,0,0,7,19,8,1,13
1101_3,0,5,0,2,12,16,3,8,7,18,15,13,17,6,20,4,0,14,11,1,0,9,10,19
1102_3,0,13,0,9,12,16,1,19,17,8,4,7,20,2,11,3,0,18,14,6,0,5,15,10
1104_1,6,7,0,13,0,2,8,0,19,3,1,12,14,20,16,11,17,4,15,18,5,0,9,10
1104_2,8,11,18,13,0,12,7,14,20,15,1,4,0,2,19,5,9,0,0,17,3,10,6,16
1104_3,0,5,0,1,13,19,18,10,17,14,7,16,12,2,20,4,0,15,11,6,0,8,9,3
1105_1,20,15,0,17,0,6,7,0,9,5,1,16,18,8,13,10,3,2,19,11,4,0,12,14
1105_2,7,10,11,17,0,16,15,18,8,19,1,2,0,6,9,4,12,0,0,3,5,14,20,13
1105_3,0,4,0,1,17,9,11,14,3,18,15,13,16,6,8,2,0,19,10,20,0,7,12,5
1106_1,9,13,0,10,0,3,4,0,19,5,1,17,16,6,15,7,14,11,18,12,2,0,20,8
1106_2,4,7,12,10,0,17,13,16,6,18,1,11,0,3,19,2,20,0,0,14,5,8,9,15
1106_3,0,2,0,1,10,19,12,8,14,16,13,15,17,3,6,11,0,18,7,9,0,4,20,5
1107_3,0,4,0,1,11,15,14,5,9,18,10,8,19,6,7,3,0,17,16,2,0,12,20,13
1108_1,4,9,0,10,0,7,5,0,19,12,2,17,18,14,20,3,11,6,15,16,8,0,13,1
1108_2,5,3,16,10,0,17,9,18,14,15,2,6,0,7,19,8,13,0,0,11,12,1,4,20
1108_3,0,8,0,2,10,19,16,1,11,18,9,20,17,7,14,6,0,15,3,4,0,5,13,12
1109_1,20,10,0,14,0,7,3,0,11,6,13,16,18,9,12,2,19,1,17,8,4,0,15,5
1109_3,0,4,0,13,14,11,8,5,19,18,10,12,16,7,9,1,0,17,2,20,0,3,15,6
110_1,9,7,0,14,0,10,19,0,18,1,11,16,5,4,3,15,6,8,20,2,12,0,17,13
110_2,19,15,2,14,0,16,7,5,4,20,11,8,0,10,18,12,17,0,0,6,1,13,9,3
110_3,0,12,0,11,14,18,2,13,6,5,7,3,16,10,4,8,0,20,15,9,0,19,17,1
1110_1,16,9,0,11,0,6,7,0,8,5,18,14,19,17,12,15,13,4,0,1,3,0,10,2
1110_2,7,15,1,11,0,14,9,19,17,0,18,4,0,6,8,3,10,0,0,13,5,2,16,12
1110_3,0,3,0,18,11,8,1,2,13,19,9,12,14,6,17,4,0,0,15,16,0,7,10,5
111_1,4,2,0,12,0,6,20,0,16,3,10,17,14,5,11,19,1,15,18,8,9,0,7,13
112_1,8,7,0,13,0,3,15,0,12,1,2,0,5,16,11,0,6,4,0,17,10,0,9,14
112_2,15,0,17,13,0,0,7,5,16,0,2,4,0,3,12,10,9,0,0,6,1,14,8,11
113_1,2,1,0,16,0,17,6,0,15,4,8,14,7,3,18,0,9,10,0,12,5,0,13,11
113_2,6,0,12,16,0,14,1,7,3,0,8,10,0,17,15,5,13,0,0,9,4,11,2,18
114_1,13,2,0,18,0,6,10,0,17,1,11,15,4,3,9,0,5,8,0,7,12,0,16,14
114_2,10,0,7,18,0,15,2,4,3,0,11,8,0,6,17,12,16,0,0,5,1,14,13,9
115_3,0,15,0,16,8,12,9,11,1,10,3,6,14,4,18,17,0,19,13,2,0,20,7,5
116_1,5,3,0,10,0,7,15,0,14,4,11,17,6,1,12,18,2,16,13,9,20,0,8,19
116_2,15,18,9,10,0,17,3,6,1,13,11,16,0,7,14,20,8,0,0,2,4,19,5,12
116_3,0,20,0,11,10,14,9,19,2,6,3,12,17,7,1,16,0,13,18,5,0,15,8,4
117_2,10,20,5,14,0,16,4,6,3,19,13,18,0,7,17,15,11,0,0,1,8,12,2,9
117_3,0,15,0,13,14,17,5,12,1,6,4,9,16,7,3,18,0,19,20,2,0,10,11,8
118_2,10,19,9,8,0,17,5,1,2,18,15,16,0,7,20,14,13,0,0,4,3,11,6,12
118_3,0,14,0,15,8,20,9,11,4,1,5,12,17,7,2,16,0,18,19,6,0,10,13,3
119_2,16,0,2,13,0,0,15,6,7,0,10,3,0,4,14,11,17,0,0,1,5,8,9,12
11_2,5,16,7,13,0,17,12,2,6,18,4,11,0,10,20,1,3,0,0,15,19,8,9,14
11_3,0,1,0,4,13,20,7,8,15,2,12,14,17,10,6,11,0,18,16,9,0,5,3,19
120_1,8,7,0,15,0,1,20,0,14,3,17,13,5,4,2,12,18,11,19,6,9,0,16,10
120_2,20,12,6,15,0,13,7,5,4,19,17,11,0,1,14,9,16,0,0,18,3,10,8,2
120_3,0,9,0,17,15,14,6,10,18,5,7,2,13,1,4,11,0,19,12,8,0,20,16,3
121_1,12,8,0,7,0,17,13,0,18,1,16,19,10,4,9,14,2,3,0,5,11,0,15,6
121_2,13,14,5,7,0,19,8,10,4,0,16,3,0,17,18,11,15,0,0,2,1,6,12,9
121_3,0,11,0,16,7,18,5,6,2,10,8,9,19,17,4,3,0,0,14,12,0,13,15,1
122_1,7,4,0,2,0,8,10,0,19,5,11,15,9,1,14,20,3,17,18,6,12,0,13,16
122_2,10,20,6,2,0,15,4,9,1,18,11,17,0,8,19,12,13,0,0,3,5,16,7,14
122_3,0,12,0,11,2,19,6,16,3,9,4,14,15,8,1,17,0,18,20,7,0,10,13,5
123_1,12,14,0,7,0,3,4,0,20,17,9,10,5,6,13,18,2,8,19,11,15,0,16,1
123_2,4,18,11,7,0,10,14,5,6,19,9,8,0,3,20,15,16,0,0,2,17,1,12,13
123_3,0,15,0,9,7,20,11,1,2,5,14,13,10,3,6,8,0,19,18,12,0,4,16,17
124_1,14,5,0,0,0,7,12,0,0,6,3,0,8,1,4,0,13,10,0,2,11,0,0,9
124_3,0,11,0,3,0,0,2,9,13,8,5,4,0,7,1,10,0,0,0,14,0,12,0,6
125_1,21,2,0,16,9,3,15,0,22,8,20,18,4,10,7,12,1,6,19,13,5,14,17,11
125_2,15,12,13,16,9,18,2,4,10,19,20,6,14,3,22,5,17,0,0,1,8,11,21,7
125_3,14,5,0,20,16,22,13,11,1,4,2,7,18,3,10,6,9,19,12,21,0,15,17,8
126_3,22,8,0,18,11,14,9,20,6,5,2,3,10,7,17,4,12,19,16,1,0,13,15,21
127_1,1,2,0,20,0,5,11,0,14,18,19,17,6,13,7,16,3,8,15,10,9,0,12,4
127_2,11,16,10,20,0,17,2,6,13,15,19,8,0,5,14,9,12,0,0,3,18,4,1,7
127_3,0,9,0,19,20,14,10,4,3,6,2,7,17,5,13,8,0,15,16,1,0,11,12,18
128_1,15,3,0,10,0,4,11,0,14,2,5,16,6,13,7,17,1,12,0,9,8,0,18,19
128_2,11,17,9,10,0,16,3,6,13,0,5,12,0,4,14,8,18,0,0,1,2,19,15,7
128_3,0,8,0,5,10,14,9,19,1,6,3,7,16,4,13,12,0,0,17,15,0,11,18,2
129_1,2,4,0,15,14,7,18,0,17,12,20,11,6,16,13,19,1,9,8,10,3,0,21,5
129_2,18,19,10,15,14,11,4,6,16,8,20,9,0,7,17,3,21,0,0,1,12,5,2,13
12_1,9,6,0,12,0,8,14,0,0,5,3,0,13,10,2,0,16,4,0,11,7,0,15,1
130_1,3,4,0,19,8,6,22,0,10,11,18,20,1,12,5,14,7,17,21,13,15,9,16,2
130_2,22,14,13,19,8,20,4,1,12,21,18,17,9,6,10,15,16,0,0,7,11,2,3,5
131_1,3,5,0,22,14,4,11,0,19,8,20,15,6,16,9,17,1,10,21,13,7,18,12,2
132_1,3,2,0,18,12,6,20,0,17,21,16,14,5,22,8,15,1,7,19,9,10,11,13,4
132_2,20,15,9,18,12,14,2,5,22,19,16,7,11,6,17,10,13,0,0,1,21,4,3,8
132_3,11,10,0,16,18,17,9,4,1,5,2,8,14,6,22,7,12,19,15,3,0,20,13,21
133_1,2,3,0,19,0,4,9,0,17,16,18,13,5,15,6,12,14,7,8,20,10,0,11,1
133_2,9,12,20,19,0,13,3,5,15,8,18,7,0,4,17,10,11,0,0,14,16,1,2,6
134_1,13,1,0,9,0,3,18,0,11,4,14,12,5,17,8,0,2,6,0,7,10,0,15,16
134_2,18,0,7,9,0,12,1,5,17,0,14,6,0,3,11,10,15,0,0,2,4,16,13,8
134_3,0,10,0,14,9,11,7,16,2,5,1,8,12,3,17,6,0,0,0,13,0,18,15,4
135_1,1,2,0,9,0,4,14,0,16,8,19,17,7,13,6,18,3,10,15,11,12,0,20,5
135_2,14,18,11,9,0,17,2,7,13,15,19,10,0,4,16,12,20,0,0,3,8,5,1,6
135_3,0,12,0,19,9,16,11,5,3,7,2,6,17,4,13,10,0,15,18,1,0,14,20,8
136_1,3,1,0,12,0,8,7,0,19,20,18,13,11,14,9,15,4,6,17,5,10,0,16,2
136_3,0,10,0,18,12,19,5,2,4,11,1,9,13,8,14,6,0,17,15,3,0,7,16,20
137_1,6,2,0,14,0,3,4,0,18,20,19,8,5,17,7,10,13,9,12,16,15,0,11,1
138_1,4,1,0,15,0,5,10,0,6,16,18,19,20,17,12,8,3,14,7,13,11,0,9,2
138_2,10,8,13,15,0,19,1,20,17,7,18,14,0,5,6,11,9,0,0,3,16,2,4,12
138_3,0,11,0,18,15,6,13,2,3,20,1,12,19,5,17,14,0,7,8,4,0,10,9,16
139_2,20,16,3,17,0,19,1,6,13,14,12,10,0,7,15,9,11,0,0,4,2,8,5,18
13_2,8,16,9,11,0,19,3,7,14,0,2,10,0,12,6,1,4,0,0,13,17,5,18,15
13_3,0,1,0,2,11,6,9,5,13,7,3,15,19,12,14,10,0,0,16,18,0,8,4,17
140_2,14,12,13,16,0,18,4,3,7,0,19,9,0,5,15,10,17,0,0,2,11,6,1,8
140_3,0,10,0,19,16,15,13,6,2,3,4,8,18,5,7,9,0,0,12,1,0,14,17,11
141_2,3,2,7,11,18,21,13,6,16,20,12,5,0,19,15,9,17,0,0,1,4,10,8,14
141_3,0,9,0,12,11,15,7,10,1,6,13,14,21,19,16,5,18,20,2,8,0,3,17,4
142_1,9,7,0,15,17,18,6,0,19,1,2,8,12,4,13,16,21,20,14,3,10,0,11,5
142_2,6,16,3,15,17,8,7,12,4,14,2,20,0,18,19,10,11,0,0,21,1,5,9,13
142_3,0,10,0,2,15,19,3,5,21,12,7,13,8,18,4,20,17,14,16,9,0,6,11,1
143_1,8,2,0,14,19,21,6,0,12,5,16,11,4,10,17,20,1,7,18,3,9,0,15,13
143_2,6,20,3,14,19,11,2,4,10,18,16,7,0,21,12,9,15,0,0,1,5,13,8,17
143_3,0,9,0,16,14,12,3,13,1,4,2,17,11,21,10,7,19,18,20,8,0,6,15,5
144_1,10,6,0,17,18,20,11,0,14,1,15,12,3,9,19,4,5,8,21,2,13,22,16,7
144_2,11,4,2,17,18,12,6,3,9,21,15,8,22,20,14,13,16,0,0,5,1,7,10,19
144_3,22,13,0,15,17,14,2,7,5,3,6,19,12,20,9,8,18,21,4,10,0,11,16,1
145_1,7,6,0,18,20,16,11,0,14,4,15,13,5,10,19,9,1,3,2,22,8,21,12,17
145_2,11,9,22,18,20,13,6,5,10,2,15,3,21,16,14,8,12,0,0,1,4,17,7,19
145_3,21,8,0,15,18,14,22,17,1,5,6,19,13,16,10,3,20,2,9,7,0,11,12,4
146_2,9,21,5,7,11,6,1,19,8,18,12,4,0,17,15,20,14,0,0,3,2,13,10,16
146_3,0,20,0,12,7,15,5,13,3,19,1,16,6,17,8,4,11,18,21,10,0,9,14,2
147_1,14,8,0,20,17,12,13,0,10,1,3,6,15,21,9,2,5,4,18,7,16,0,19,11
147_2,13,2,7,20,17,6,8,15,21,18,3,4,0,12,10,16,19,0,0,5,1,11,14,9
147_3,0,16,0,3,20,10,7,11,5,15,8,9,6,12,21,4,17,18,2,14,0,13,19,1
148_1,14,15,0,7,16,20,6,0,19,1,4,13,5,8,18,10,11,2,17,3,12,0,21,9
148_2,6,10,3,7,16,13,15,5,8,17,4,2,0,20,19,12,21,0,0,11,1,9,14,18
148_3,0,12,0,4,7,19,3,9,11,5,15,18,13,20,8,2,16,17,10,14,0,6,21,1
149_1,12,3,0,10,22,21,17,0,20,2,13,19,6,9,18,11,1,7,5,4,8,16,14,15
149_2,17,11,4,10,22,19,3,6,9,5,13,7,16,21,20,8,14,0,0,1,2,15,12,18
149_3,16,8,0,13,10,20,4,15,1,6,3,18,19,21,9,7,22,5,11,12,0,17,14,2
14_1,4,15,0,16,0,20,3,0,18,5,13,12,9,2,11,14,17,8,19,6,1,0,7,10
14_2,3,14,6,16,0,12,15,9,2,19,13,8,0,20,18,1,7,0,0,17,5,10,4,11
150_1,8,4,0,7,15,20,12,0,13,1,16,18,6,9,17,11,2,5,19,3,10,0,14,21
150_2,12,11,3,7,15,18,4,6,9,19,16,5,0,20,13,10,14,0,0,2,1,21,8,17
150_3,0,10,0,16,7,13,3,21,2,6,4,17,18,20,9,5,15,19,11,8,0,12,14,1
151_1,12,10,0,16,0,19,11,0,15,1,4,2,13,6,17,14,3,5,0,18,7,0,9,8
151_2,11,14,18,16,0,2,10,13,6,0,4,5,0,19,15,7,9,0,0,3,1,8,12,17
151_3,0,7,0,4,16,15,18,8,3,13,10,17,2,19,6,5,0,0,14,12,0,11,9,1
152_2,11,20,9,17,0,4,10,13,6,16,5,2,0,7,8,19,18,0,0,1,3,14,12,15
152_3,0,19,0,5,17,8,9,14,1,13,10,15,4,7,6,2,0,16,20,12,0,11,18,3
153_1,11,8,0,20,18,17,10,0,19,4,14,5,13,9,16,6,1,2,21,3,7,0,15,12
153_2,10,6,3,20,18,5,8,13,9,21,14,2,0,17,19,7,15,0,0,1,4,12,11,16
153_3,0,7,0,14,20,19,3,12,1,13,8,16,5,17,9,2,18,21,6,11,0,10,15,4
154_1,14,11,0,6,0,8,7,0,15,9,1,0,3,5,12,0,17,13,0,2,4,0,16,10
154_3,0,4,0,1,6,15,2,10,17,3,11,12,0,8,5,13,0,0,0,14,0,7,16,9
155_1,11,1,0,15,19,16,14,0,7,4,20,13,10,9,21,12,3,2,17,5,18,0,8,6
155_2,14,12,5,15,19,13,1,10,9,17,20,2,0,16,7,18,8,0,0,3,4,6,11,21
155_3,0,18,0,20,15,7,5,6,3,10,1,21,13,16,9,2,19,17,12,11,0,14,8,4
156_2,15,5,6,16,22,12,2,13,9,17,10,3,21,20,7,8,14,0,0,1,4,19,18,11
156_3,21,8,0,10,16,7,6,19,1,13,2,11,12,20,9,3,22,17,5,18,0,15,14,4
157_1,13,2,0,16,20,18,19,0,8,4,5,12,11,10,9,6,1,3,22,7,14,21,17,15
157_2,19,6,7,16,20,12,2,11,10,22,5,3,21,18,8,14,17,0,0,1,4,15,13,9
157_3,21,14,0,5,16,8,7,15,1,11,2,9,12,18,10,3,20,22,6,13,0,19,17,4
158_2,4,19,15,10,17,1,12,11,6,8,13,16,21,2,9,18,20,0,0,7,3,22,14,5
158_3,21,18,0,13,10,9,15,22,7,11,12,5,1,2,6,16,17,8,19,14,0,4,20,3
159_2,7,19,13,11,0,1,17,6,9,15,12,20,0,3,5,16,14,0,0,10,2,18,8,4
159_3,0,16,0,12,11,5,13,18,10,6,17,4,1,3,9,20,0,15,19,8,0,7,14,2
15_1,11,19,0,6,0,4,12,0,18,3,5,14,9,8,13,17,7,10,0,16,2,0,15,1
15_3,0,2,0,5,6,18,16,1,7,9,19,13,14,4,8,10,0,0,17,11,0,12,15,3
160_1,12,14,0,11,13,4,7,0,8,2,9,1,20,6,3,21,5,16,10,17,22,19,15,18
160_2,7,21,17,11,13,1,14,20,6,10,9,16,19,4,8,22,15,0,0,5,2,18,12,3
160_3,19,22,0,9,11,8,17,18,5,20,14,3,1,4,6,16,13,10,21,12,0,7,15,2
161_1,15,17,0,9,16,3,2,0,12,8,7,4,11,10,1,22,6,18,14,5,20,19,13,21
161_2,2,22,5,9,16,4,17,11,10,14,7,18,19,3,12,20,13,0,0,6,8,21,15,1
161_3,19,20,0,7,9,12,5,21,6,11,17,1,4,3,10,18,16,14,22,15,0,2,13,8
162_1,11,18,0,13,15,4,7,0,12,1,3,2,16,8,5,21,6,14,10,9,20,0,17,19
162_2,7,21,9,13,15,2,18,16,8,10,3,14,0,4,12,20,17,0,0,6,1,19,11,5
162_3,0,20,0,3,13,12,9,19,6,16,18,5,2,4,8,14,15,10,21,11,0,7,17,1
163_1,12,17,0,8,0,13,14,0,20,10,2,16,6,7,11,15,19,5,18,4,3,0,1,9
163_2,14,15,4,8,0,16,17,6,7,18,2,5,0,13,20,3,1,0,0,19,10,9,12,11
163_3,0,3,0,2,8,20,4,9,19,6,17,11,16,13,7,5,0,18,15,12,0,14,1,10
164_1,20,16,0,7,10,3,13,0,5,1,6,17,9,2,8,12,15,18,14,19,21,0,11,4
164_2,13,12,19,7,10,17,16,9,2,14,6,18,0,3,5,21,11,0,0,15,1,4,20,8
164_3,0,21,0,6,7,5,19,4,15,9,16,8,17,3,2,18,10,14,12,20,0,13,11,1
165_2,6,21,19,11,17,5,7,10,9,16,13,14,12,2,22,18,15,0,0,3,1,20,8,4
165_3,12,18,0,13,11,22,19,20,3,10,7,4,5,2,9,14,17,16,21,8,0,6,15,1
166_1,18,13,0,17,19,3,6,0,10,1,7,4,16,8,2,22,5,20,9,11,14,12,15,21
167_2,14,6,8,1,0,19,9,18,7,0,15,4,0,2,3,13,12,0,0,10,17,16,5,11
168_1,16,17,0,5,0,2,18,0,20,4,12,14,10,3,11,15,9,8,6,19,13,0,1,7
168_2,18,15,19,5,0,14,17,10,3,6,12,8,0,2,20,13,1,0,0,9,4,7,16,11
168_3,0,13,0,12,5,20,19,7,9,10,17,11,14,2,3,8,0,6,15,16,0,18,1,4
169_2,6,20,8,18,12,1,22,7,13,11,4,10,15,3,9,17,14,0,0,21,2,19,16,5
169_3,15,17,0,4,18,9,8,19,21,7,22,5,1,3,13,10,12,11,20,16,0,6,14,2
16_1,1,15,0,10,0,14,5,0,7,9,4,0,6,3,16,0,11,2,0,17,12,0,8,13
16_2,5,0,17,10,0,0,15,6,3,0,4,2,0,14,7,12,8,0,0,11,9,13,1,16
16_3,0,12,0,4,10,7,17,13,11,6,15,16,0,14,3,2,0,0,0,1,0,5,8,9
170_1,13,15,0,20,16,5,8,0,12,4,6,1,11,2,10,22,7,19,18,3,14,9,17,21
170_2,8,22,3,20,16,1,15,11,2,18,6,19,9,5,12,14,17,0,0,7,4,21,13,10
171_2,14,0,4,12,0,0,16,7,5,0,3,13,0,6,0,10,15,0,0,8,9,11,2,1
171_3,0,10,0,3,12,0,4,11,8,7,16,1,0,6,5,13,0,0,0,2,0,14,15,9
172_1,11,17,0,14,10,1,9,0,13,2,8,3,19,5,4,21,7,12,16,6,15,22,18,20
172_2,9,21,6,14,10,3,17,19,5,16,8,12,22,1,13,15,18,0,0,7,2,20,11,4
172_3,22,15,0,8,14,13,6,20,7,19,17,4,3,1,5,12,10,16,21,11,0,9,18,2
173_1,18,13,0,10,19,3,11,0,5,2,4,1,20,12,6,22,9,14,15,7,17,8,16,21
173_2,11,22,7,10,19,1,13,20,12,15,4,14,8,3,5,17,16,0,0,9,2,21,18,6
173_3,8,17,0,4,10,5,7,21,9,20,13,6,1,3,12,14,19,15,22,18,0,11,16,2
174_2,19,9,13,7,0,11,15,4,10,0,5,3,0,16,17,2,1,0,0,12,6,18,8,14
175_1,18,16,0,1,0,8,3,0,13,12,17,11,5,6,15,14,10,7,0,19,2,0,9,4
175_2,3,14,19,1,0,11,16,5,6,0,17,7,0,8,13,2,9,0,0,10,12,4,18,15
175_3,0,2,0,17,1,13,19,4,10,5,16,15,11,8,6,7,0,0,14,18,0,3,9,12
176_1,6,18,0,1,15,12,4,0,10,17,3,19,11,5,7,16,9,20,8,2,21,0,14,13
176_2,4,16,2,1,15,19,18,11,5,8,3,20,0,12,10,21,14,0,0,9,17,13,6,7
176_3,0,21,0,3,1,10,2,13,9,11,18,7,19,12,5,20,15,8,16,6,0,4,14,17
177_1,4,9,0,13,0,12,14,0,16,20,17,19,18,5,3,11,6,15,8,7,2,0,10,1
177_2,14,11,7,13,0,19,9,18,5,8,17,15,0,12,16,2,10,0,0,6,20,1,4,3
177_3,0,2,0,17,13,16,7,1,6,18,9,3,19,12,5,15,0,8,11,4,0,14,10,20
178_1,6,21,0,2,10,7,3,0,14,22,1,12,16,8,11,19,18,9,20,5,4,17,13,15
178_2,3,19,5,2,10,12,21,16,8,20,1,9,17,7,14,4,13,0,0,18,22,15,6,11
178_3,17,4,0,1,2,14,5,15,18,16,21,11,12,7,8,9,10,20,19,6,0,3,13,22
179_1,7,9,0,17,13,6,1,0,11,18,4,19,8,14,16,20,21,3,15,10,2,0,12,5
179_2,1,20,10,17,13,19,9,8,14,15,4,3,0,6,11,2,12,0,0,21,18,5,7,16
179_3,0,2,0,4,17,11,10,5,21,8,9,16,19,6,14,3,13,15,20,7,0,1,12,18
17_1,4,3,0,5,0,8,16,0,10,7,12,19,13,9,14,17,20,6,11,18,1,0,15,2
17_2,16,17,18,5,0,19,3,13,9,11,12,6,0,8,10,1,15,0,0,20,7,2,4,14
17_3,0,1,0,12,5,10,18,2,20,13,3,14,19,8,9,6,0,11,17,4,0,16,15,7
180_1,3,6,0,7,0,4,10,0,15,18,14,8,1,19,11,12,17,13,0,9,5,0,16,2
180_2,10,12,9,7,0,8,6,1,19,0,14,13,0,4,15,5,16,0,0,17,18,2,3,11
181_2,2,20,1,18,16,11,6,14,8,21,5,13,17,7,12,3,9,0,0,15,19,4,22,10
181_3,17,3,0,5,18,12,1,4,15,14,6,10,11,7,8,13,16,21,20,22,0,2,9,19
182_1,8,4,0,9,0,13,1,0,18,17,11,20,5,14,15,12,19,16,6,7,3,0,10,2
182_2,1,12,7,9,0,20,4,5,14,6,11,16,0,13,18,3,10,0,0,19,17,2,8,15
182_3,0,3,0,11,9,18,7,2,19,5,4,15,20,13,14,16,0,6,12,8,0,1,10,17
183_1,4,18,0,22,19,11,3,0,9,12,6,21,7,8,10,17,20,14,15,2,1,13,5,16
183_2,3,17,2,22,19,21,18,7,8,15,6,14,13,11,9,1,5,0,0,20,12,16,4,10
183_3,13,1,0,6,22,9,2,16,20,7,18,10,21,11,8,14,19,15,17,4,0,3,5,12
184_2,1,14,5,2,0,18,4,7,9,10,17,16,0,11,20,3,12,0,0,15,13,6,19,8
184_3,0,3,0,17,2,20,5,6,15,7,4,8,18,11,9,16,0,10,14,19,0,1,12,13
185_1,4,22,0,1,15,11,2,0,9,14,13,12,16,3,8,21,17,19,18,7,5,6,20,10
185_2,2,21,7,1,15,12,22,16,3,18,13,19,6,11,9,5,20,0,0,17,14,10,4,8
185_3,6,5,0,13,1,9,7,10,17,16,22,8,12,11,3,19,15,18,21,4,0,2,20,14
186_3,0,1,0,14,2,16,9,13,17,5,19,12,10,15,11,20,7,6,18,3,0,4,8,21
187_1,13,2,0,5,9,16,1,0,19,17,10,20,4,15,11,18,14,21,3,7,6,0,12,8
187_2,1,18,7,5,9,20,2,4,15,3,10,21,0,16,19,6,12,0,0,14,17,8,13,11
188_1,10,1,0,9,0,12,2,0,15,6,14,17,4,5,8,19,18,16,0,11,3,0,13,7
188_3,0,3,0,14,9,15,11,7,18,4,1,8,17,12,5,16,0,0,19,10,0,2,13,6
189_1,11,12,0,4,0,20,2,0,6,19,9,15,7,5,1,14,16,17,13,8,3,0,18,10
189_2,2,14,8,4,0,15,12,7,5,13,9,17,0,20,6,3,18,0,0,16,19,10,11,1
189_3,0,3,0,9,4,6,8,10,16,7,12,1,15,20,5,17,0,13,14,11,0,2,18,19
18_1,12,11,0,6,0,5,10,0,7,2,14,0,3,4,16,0,13,8,0,9,1,0,15,17
18_2,10,0,9,6,0,0,11,3,4,0,14,8,0,5,7,1,15,0,0,13,2,17,12,16
18_3,0,1,0,14,6,7,9,17,13,3,11,16,0,5,4,8,0,0,0,12,0,10,15,2
190_1,18,3,0,4,14,9,8,0,15,19,2,10,7,16,12,20,17,11,21,13,5,0,1,6
190_2,8,20,13,4,14,10,3,7,16,21,2,11,0,9,15,5,1,0,0,17,19,6,18,12
191_2,21,17,14,6,15,18,8,10,5,20,4,19,0,11,9,2,16,0,0,12,7,13,1,3
191_3,0,2,0,4,6,9,14,13,12,10,8,3,18,11,5,19,15,20,17,1,0,21,16,7
192_1,1,4,0,13,15,12,20,0,14,3,7,18,6,8,5,21,9,11,16,10,2,0,17,19
192_2,20,21,10,13,15,18,4,6,8,16,7,11,0,12,14,2,17,0,0,9,3,19,1,5
193_1,5,7,0,18,21,14,17,0,15,16,3,9,13,10,8,22,4,6,19,12,1,20,11,2
193_2,17,22,12,18,21,9,7,13,10,19,3,6,20,14,15,1,11,0,0,4,16,2,5,8
194_1,2,5,0,11,20,10,15,0,17,6,4,18,21,7,3,16,8,13,19,9,1,0,14,12
194_2,15,16,9,11,20,18,5,21,7,19,4,13,0,10,17,1,14,0,0,8,6,12,2,3
195_2,14,18,7,21,13,10,19,17,4,16,5,8,0,11,15,2,9,0,0,20,12,1,3,6
195_3,0,2,0,5,21,15,7,1,20,17,19,6,10,11,4,8,13,16,18,3,0,14,9,12
196_1,7,9,0,12,0,10,8,0,18,19,4,16,17,3,5,20,6,14,15,13,2,0,11,1
196_2,8,20,13,12,0,16,9,17,3,15,4,14,0,10,18,2,11,0,0,6,19,1,7,5
196_3,0,2,0,4,12,18,13,1,6,17,9,5,16,10,3,14,0,15,20,7,0,8,11,19
197_1,12,9,0,15,0,3,10,0,8,17,13,0,2,6,4,0,14,5,0,16,1,0,11,7
197_2,10,0,16,15,0,0,9,2,6,0,13,5,0,3,8,1,11,0,0,14,17,7,12,4
197_3,0,1,0,13,15,8,16,7,14,2,9,4,0,3,6,5,0,0,0,12,0,10,11,17
198_1,9,16,0,21,22,11,3,0,15,14,1,18,6,10,8,7,12,5,17,13,4,20,19,2
198_2,3,7,13,21,22,18,16,6,10,17,1,5,20,11,15,4,19,0,0,12,14,2,9,8
198_3,20,4,0,1,21,15,13,2,12,6,16,8,18,11,10,5,22,17,7,9,0,3,19,14
199_1,4,17,0,12,20,15,1,0,8,19,2,16,14,11,9,7,6,5,18,22,3,21,13,10
199_3,21,3,0,2,12,8,22,10,6,14,17,9,16,15,11,5,20,18,7,4,0,1,13,19
19_1,1,12,0,15,16,10,6,0,11,21,2,20,7,14,17,13,19,3,18,9,5,0,4,8
19_2,6,13,9,15,16,20,12,7,14,18,2,3,0,10,11,5,4,0,0,19,21,8,1,17
19_3,0,5,0,2,15,11,9,8,19,7,12,17,20,10,14,3,16,18,13,1,0,6,4,21
1_1,15,3,0,1,0,17,19,0,11,16,5,7,8,6,12,10,9,4,0,14,13,0,2,18
1_2,19,10,14,1,0,7,3,8,6,0,5,4,0,17,11,13,2,0,0,9,16,18,15,12
1_3,0,13,0,5,1,11,14,18,9,8,3,12,7,17,6,4,0,0,10,15,0,19,2,16
200_1,6,5,0,15,0,12,20,0,9,7,2,14,8,3,11,19,10,13,16,4,17,0,18,1
200_2,20,19,4,15,0,14,5,8,3,16,2,13,0,12,9,17,18,0,0,10,7,1,6,11
200_3,0,17,0,2,15,9,4,1,10,8,5,11,14,12,3,13,0,16,19,6,0,20,18,7
201_1,10,15,0,16,20,13,1,0,11,14,7,18,3,8,17,5,9,4,21,12,2,0,19,6
201_3,0,2,0,7,16,11,12,6,9,3,15,17,18,13,8,4,20,21,5,10,0,1,19,14
202_1,9,17,0,12,19,15,1,0,14,21,3,20,13,10,8,5,7,6,18,16,2,0,11,4
202_2,1,5,16,12,19,20,17,13,10,18,3,6,0,15,14,2,11,0,0,7,21,4,9,8
203_1,11,9,0,12,0,13,14,0,0,4,6,0,2,8,5,0,3,10,0,7,15,0,0,1
204_1,6,16,0,19,18,10,1,0,13,15,4,20,7,9,8,11,12,5,22,14,2,21,17,3
204_3,21,2,0,4,19,13,14,3,12,7,16,8,20,10,9,5,18,22,11,6,0,1,17,15
205_1,12,17,0,18,22,14,3,0,13,16,1,19,8,5,6,10,7,9,21,11,4,20,15,2
205_2,3,10,11,18,22,19,17,8,5,21,1,9,20,14,13,4,15,0,0,7,16,2,12,6
206_1,10,17,0,14,19,18,1,0,21,11,12,16,7,9,8,6,3,5,20,13,4,0,15,2
206_2,1,6,13,14,19,16,17,7,9,20,12,5,0,18,21,4,15,0,0,3,11,2,10,8
206_3,0,4,0,12,14,21,13,2,3,7,17,8,16,18,9,5,19,20,6,10,0,1,15,11
207_1,15,4,0,13,0,17,16,0,8,14,7,12,9,10,3,0,5,1,0,11,2,0,6,18
207_2,16,0,11,13,0,12,4,9,10,0,7,1,0,17,8,2,6,0,0,5,14,18,15,3
207_3,0,2,0,7,13,8,11,18,5,9,4,3,12,17,10,1,0,0,0,15,0,16,6,14
208_1,15,5,0,16,21,14,19,0,7,13,1,18,10,9,2,4,20,6,17,12,8,0,11,3
208_2,19,4,12,16,21,18,5,10,9,17,1,6,0,14,7,8,11,0,0,20,13,3,15,2
208_3,0,8,0,1,16,7,12,3,20,10,5,2,18,14,9,6,21,17,4,15,0,19,11,13
209_1,15,13,0,6,0,5,7,0,19,9,2,16,1,20,3,17,4,11,12,8,14,0,18,10
209_2,7,17,8,6,0,16,13,1,20,12,2,11,0,5,19,14,18,0,0,4,9,10,15,3
20_2,17,19,8,5,13,20,16,4,7,14,15,3,0,6,10,9,21,0,0,12,2,1,11,18
20_3,0,9,0,15,5,10,8,1,12,4,16,18,20,6,7,3,13,14,19,11,0,17,21,2
210_1,10,7,0,5,20,8,14,0,18,16,6,15,2,12,1,19,11,3,13,4,9,0,21,17
210_2,14,19,4,5,20,15,7,2,12,13,6,3,0,8,18,9,21,0,0,11,16,17,10,1
210_3,0,9,0,6,5,18,4,17,11,2,7,1,15,8,12,3,20,13,19,10,0,14,21,16
211_1,12,11,0,6,19,17,15,0,20,4,9,18,3,2,1,14,16,8,21,5,7,0,13,10
211_2,15,14,5,6,19,18,11,3,2,21,9,8,0,17,20,7,13,0,0,16,4,10,12,1
211_3,0,7,0,9,6,20,5,10,16,3,11,1,18,17,2,8,19,21,14,12,0,15,13,4
212_1,12,4,0,18,19,21,10,0,11,6,1,14,20,9,2,22,15,13,8,16,3,17,7,5
213_1,4,10,0,12,0,14,13,0,18,19,1,16,7,3,9,17,6,2,0,8,5,0,15,11
213_2,13,17,8,12,0,16,10,7,3,0,1,2,0,14,18,5,15,0,0,6,19,11,4,9
213_3,0,5,0,1,12,18,8,11,6,7,10,9,16,14,3,2,0,0,17,4,0,13,15,19
214_2,21,11,15,18,20,22,9,5,12,14,1,4,19,8,13,6,17,0,0,16,2,7,3,10
214_3,19,6,0,1,18,13,15,7,16,5,9,10,22,8,12,4,20,14,11,3,0,21,17,2
215_1,4,7,0,15,0,13,16,0,12,20,2,11,6,10,9,14,8,1,19,17,3,0,5,18
215_3,0,3,0,2,15,12,17,18,8,6,7,9,11,13,10,1,0,19,14,4,0,16,5,20
216_2,13,1,8,9,14,12,21,10,2,18,6,20,0,7,16,19,11,0,0,5,17,15,4,3
217_1,4,3,0,20,17,11,18,0,2,16,5,15,14,13,1,22,9,6,10,12,7,21,8,19
217_2,18,22,12,20,17,15,3,14,13,10,5,6,21,11,2,7,8,0,0,9,16,19,4,1
217_3,21,7,0,5,20,2,12,19,9,14,3,1,15,11,13,6,17,10,22,4,0,18,8,16
218_1,6,15,0,7,18,22,17,0,8,20,1,14,21,4,3,16,2,5,13,11,9,12,10,19
218_2,17,16,11,7,18,14,15,21,4,13,1,5,12,22,8,9,10,0,0,2,20,19,6,3
218_3,12,9,0,1,7,8,11,19,2,21,15,3,14,22,4,5,18,13,16,6,0,17,10,20
219_1,6,9,0,19,22,12,16,0,14,20,5,17,11,4,7,13,1,2,8,15,3,18,10,21
219_2,16,13,15,19,22,17,9,11,4,8,5,2,18,12,14,3,10,0,0,1,20,21,6,7
219_3,18,3,0,5,19,14,15,21,1,11,9,7,17,12,4,2,22,8,13,6,0,16,10,20
21_1,10,20,0,9,0,7,16,0,13,5,18,19,6,11,14,15,17,1,12,3,4,0,8,2
21_2,16,15,3,9,0,19,20,6,11,12,18,1,0,7,13,4,8,0,0,17,5,2,10,14
21_3,0,4,0,18,9,13,3,2,17,6,20,14,19,7,11,1,0,12,15,10,0,16,8,5
220_1,18,10,0,13,14,1,15,0,16,19,3,4,9,12,6,21,11,5,17,2,7,0,8,20
220_2,15,21,2,13,14,4,10,9,12,17,3,5,0,1,16,7,8,0,0,11,19,20,18,6
221_1,17,14,0,7,0,4,9,0,6,12,18,15,11,10,13,20,1,5,19,3,2,0,16,8
221_2,9,20,3,7,0,15,14,11,10,19,18,5,0,4,6,2,16,0,0,1,12,8,17,13
221_3,0,2,0,18,7,6,3,8,1,11,14,13,15,4,10,5,0,19,20,17,0,9,16,12
222_1,3,4,0,17,21,10,20,0,13,19,15,18,2,12,1,11,7,5,6,14,9,0,8,16
222_2,20,11,14,17,21,18,4,2,12,6,15,5,0,10,13,9,8,0,0,7,19,16,3,1
222_3,0,9,0,15,17,13,14,16,7,2,4,1,18,10,12,5,21,6,11,3,0,20,8,19
223_1,4,7,0,12,21,16,17,0,6,19,13,18,1,10,3,8,11,2,9,15,5,22,14,20
223_2,17,8,15,12,21,18,7,1,10,9,13,2,22,16,6,5,14,0,0,11,19,20,4,3
223_3,22,5,0,13,12,6,15,20,11,1,7,3,18,16,10,2,21,9,8,4,0,17,14,19
224_2,2,18,4,16,0,15,6,1,7,0,8,11,0,13,14,19,9,0,0,3,5,17,10,12
224_3,0,19,0,8,16,14,4,17,3,1,6,12,15,13,7,11,0,0,18,10,0,2,9,5
225_1,18,12,0,1,20,4,16,0,10,13,8,19,17,5,7,11,14,3,6,2,9,0,15,21
225_2,16,11,2,1,20,19,12,17,5,6,8,3,0,4,10,9,15,0,0,14,13,21,18,7
225_3,0,9,0,8,1,10,2,21,14,17,12,7,19,4,5,3,20,6,11,18,0,16,15,13
226_2,14,13,9,18,12,4,16,15,2,19,7,3,20,6,22,5,1,0,0,8,10,21,17,11
226_3,20,5,0,7,18,22,9,21,8,15,16,11,4,6,2,3,12,19,13,17,0,14,1,10
227_1,11,6,0,5,0,18,10,0,19,13,8,20,1,3,14,16,9,12,7,4,2,0,17,15
227_2,10,16,4,5,0,20,6,1,3,7,8,12,0,18,19,2,17,0,0,9,13,15,11,14
227_3,0,2,0,8,5,19,4,15,9,1,6,14,20,18,3,12,0,7,16,11,0,10,17,13
228_1,4,13,0,20,9,19,12,0,17,7,11,5,21,6,15,16,8,10,18,3,1,0,2,14
228_3,0,1,0,11,20,17,3,14,8,21,13,15,5,19,6,10,9,18,16,4,0,12,2,7
229_2,3,0,5,13,0,0,14,2,12,0,10,8,0,7,0,6,11,0,0,9,16,15,1,4
229_3,0,6,0,10,13,0,5,15,9,2,14,4,0,7,12,8,0,0,0,1,0,3,11,16
22_1,1,18,0,15,0,8,11,0,12,3,17,14,4,9,19,13,16,6,0,5,2,0,7,10
22_3,0,2,0,17,15,12,5,10,16,4,18,19,14,8,9,6,0,0,13,1,0,11,7,3
230_3,0,16,0,12,4,10,1,8,13,14,17,9,0,7,6,2,0,0,0,11,0,3,15,5
231_1,14,5,0,18,7,16,12,0,19,3,8,6,2,9,13,20,4,11,22,17,10,21,1,15
231_2,12,20,17,18,7,6,5,2,9,22,8,11,21,16,19,10,1,0,0,4,3,15,14,13
231_3,21,10,0,8,18,19,17,15,4,2,5,13,6,16,9,11,7,22,20,14,0,12,1,3
232_2,17,20,4,1,19,13,14,10,9,6,11,2,0,18,5,7,21,0,0,3,16,15,8,12
232_3,0,7,0,11,1,5,4,15,3,10,14,12,13,18,9,2,19,6,20,8,0,17,21,16
233_1,17,3,0,5,0,18,12,0,8,2,11,14,1,6,16,20,7,13,9,4,10,0,19,15
233_2,12,20,4,5,0,14,3,1,6,9,11,13,0,18,8,10,19,0,0,7,2,15,17,16
233_3,0,10,0,11,5,8,4,15,7,1,3,16,14,18,6,13,0,9,20,17,0,12,19,2
234_2,17,0,6,1,0,10,13,12,4,0,2,7,0,9,16,5,18,0,0,15,8,3,14,11
235_1,8,19,0,6,0,10,16,0,18,5,15,12,14,1,11,17,7,3,0,2,9,0,13,4
236_1,14,4,0,15,0,16,11,0,0,10,9,0,13,2,7,0,12,5,0,1,3,0,8,6
236_2,11,0,1,15,0,0,4,13,2,0,9,5,0,16,0,3,8,0,0,12,10,6,14,7
236_3,0,3,0,9,15,0,1,6,12,13,4,7,0,16,2,5,0,0,0,14,0,11,8,10
237_1,11,16,0,18,0,12,1,0,15,8,14,19,17,6,13,10,3,2,20,4,5,0,7,9
238_1,16,12,0,17,0,9,1,0,18,6,14,20,13,3,15,10,8,2,19,4,7,0,5,11
238_2,1,10,4,17,0,20,12,13,3,19,14,2,0,9,18,7,5,0,0,8,6,11,16,15
239_2,18,0,6,2,0,7,12,10,4,0,13,5,0,8,16,17,15,0,0,14,3,1,11,9
239_3,0,17,0,13,2,16,6,1,14,10,12,9,7,8,4,5,0,0,0,11,0,18,15,3
23_2,7,18,5,16,0,17,15,19,6,13,14,3,0,9,20,2,11,0,0,8,4,12,1,10
23_3,0,2,0,14,16,20,5,12,8,19,15,10,17,9,6,3,0,13,18,1,0,7,11,4
24_2,13,17,5,16,0,19,15,7,4,8,18,3,0,9,20,1,11,0,0,14,2,12,6,10
24_3,0,1,0,18,16,20,5,12,14,7,15,10,19,9,4,3,0,8,17,6,0,13,11,2
25_1,2,8,0,17,0,13,3,0,20,5,15,12,9,19,14,16,6,1,18,4,10,0,7,11
25_2,3,16,4,17,0,12,8,9,19,18,15,1,0,13,20,10,7,0,0,6,5,11,2,14
25_3,0,10,0,15,17,20,4,11,6,9,8,14,12,13,19,1,0,18,16,2,0,3,7,5
26_1,17,5,0,18,0,4,11,0,15,8,13,10,1,16,14,0,9,3,0,6,2,0,12,7
26_2,11,0,6,18,0,10,5,1,16,0,13,3,0,4,15,2,12,0,0,9,8,7,17,14
26_3,0,2,0,13,18,15,6,7,9,1,5,14,10,4,16,3,0,0,0,17,0,11,12,8
27_1,2,18,0,20,0,11,5,0,13,4,12,8,3,14,16,19,10,7,17,6,1,0,9,15
27_3,0,1,0,12,20,13,6,15,10,3,18,16,8,11,14,7,0,17,19,2,0,5,9,4
28_1,1,10,0,20,0,12,9,0,14,5,16,15,3,17,18,19,4,7,13,6,2,0,8,11
28_2,9,19,6,20,0,15,10,3,17,13,16,7,0,12,14,2,8,0,0,4,5,11,1,18
28_3,0,2,0,16,20,14,6,11,4,3,10,18,15,12,17,7,0,13,19,1,0,9,8,5
29_1,18,1,0,12,0,9,15,0,6,10,5,14,19,8,11,17,16,3,0,4,2,0,13,7
29_2,15,17,4,12,0,14,1,19,8,0,5,3,0,9,6,2,13,0,0,16,10,7,18,11
29_3,0,2,0,5,12,6,4,7,16,19,1,11,14,9,8,3,0,0,17,18,0,15,13,10
2_1,2,12,0,3,0,9,7,0,16,8,6,5,14,1,15,18,13,19,0,4,10,0,11,17
2_2,7,18,4,3,0,5,12,14,1,0,6,19,0,9,16,10,11,0,0,13,8,17,2,15
2_3,0,10,0,6,3,16,4,17,13,14,12,15,5,9,1,19,0,0,18,2,0,7,11,8
30_1,3,6,0,18,0,10,14,0,17,8,5,12,11,13,19,20,9,2,15,4,1,0,7,16
30_2,14,20,4,18,0,12,6,11,13,15,5,2,0,10,17,1,7,0,0,9,8,16,3,19
30_3,0,1,0,5,18,17,4,16,9,11,6,19,12,10,13,2,0,15,20,3,0,14,7,8
31_1,5,16,0,17,0,9,6,0,18,10,20,1,2,4,19,11,8,13,15,7,14,0,3,12
31_2,6,11,7,17,0,1,16,2,4,15,20,13,0,9,18,14,3,0,0,8,10,12,5,19
31_3,0,14,0,20,17,18,7,12,8,2,16,19,1,9,4,13,0,15,11,5,0,6,3,10
32_1,1,18,0,19,0,8,9,0,14,4,16,5,7,10,11,20,6,3,17,12,2,0,13,15
32_2,9,20,12,19,0,5,18,7,10,17,16,3,0,8,14,2,13,0,0,6,4,15,1,11
337_1,1,8,23,6,11,4,9,24,17,22,3,15,21,2,18,12,7,20,13,16,5,19,14,10
337_2,9,12,16,6,11,15,8,21,2,13,3,20,19,4,17,5,14,24,23,7,22,10,1,18
337_3,19,5,23,3,6,17,16,10,7,21,8,18,15,4,2,20,11,13,12,1,24,9,14,22
338_1,9,1,0,11,0,5,20,0,10,3,2,19,4,18,17,14,6,8,16,15,7,0,13,12
338_2,20,14,15,11,0,19,1,4,18,16,2,8,0,5,10,7,13,0,0,6,3,12,9,17
338_3,0,7,0,2,11,10,15,12,6,4,1,17,19,5,18,8,0,16,14,9,0,20,13,3
339_2,8,7,21,6,19,10,15,4,16,9,14,17,20,3,11,13,12,0,23,2,5,22,1,18
339_3,20,13,23,14,6,11,21,22,2,4,15,18,10,3,16,17,19,9,7,1,0,8,12,5
33_1,5,8,0,17,0,15,13,0,12,1,9,16,3,18,19,14,10,7,0,2,6,0,11,4
33_2,13,14,2,17,0,16,8,3,18,0,9,7,0,15,12,6,11,0,0,10,1,4,5,19
340_1,12,3,0,18,0,4,11,0,10,2,13,20,9,1,7,16,5,15,19,14,6,0,17,8
340_2,11,16,14,18,0,20,3,9,1,19,13,15,0,4,10,6,17,0,0,5,2,8,12,7
340_3,0,6,0,13,18,10,14,8,5,9,3,7,20,4,1,15,0,19,16,12,0,11,17,2
341_1,12,2,0,22,20,11,6,0,9,1,15,16,17,4,7,13,5,8,19,10,3,18,21,14
341_2,6,13,10,22,20,16,2,17,4,19,15,8,18,11,9,3,21,0,0,5,1,14,12,7
341_3,18,3,0,15,22,9,10,14,5,17,2,7,16,11,4,8,20,19,13,12,0,6,21,1
342_1,2,11,22,7,20,8,9,0,12,10,4,16,3,23,18,15,1,19,13,17,5,21,14,6
342_2,9,15,17,7,20,16,11,3,23,13,4,19,21,8,12,5,14,0,22,1,10,6,2,18
342_3,21,5,22,4,7,12,17,6,1,3,11,18,16,8,23,19,20,13,15,2,0,9,14,10
343_1,3,4,19,5,9,6,16,22,24,11,8,14,7,12,21,10,1,17,15,18,2,23,13,20
343_2,16,10,18,5,9,14,4,7,12,15,8,17,23,6,24,2,13,22,19,1,11,20,3,21
343_3,23,2,19,8,5,24,18,20,1,7,4,21,14,6,12,17,9,15,10,3,22,16,13,11
344_2,23,21,12,8,18,10,4,6,3,9,24,15,17,13,11,1,22,19,16,5,7,14,2,20
344_3,17,1,16,24,8,11,12,14,5,6,4,20,10,13,3,15,18,9,21,2,19,23,22,7
345_1,1,6,23,11,15,14,13,22,10,12,4,16,5,3,21,18,9,24,8,19,2,20,17,7
345_2,13,18,19,11,15,16,6,5,3,8,4,24,20,14,10,2,17,22,23,9,12,7,1,21
345_3,20,2,23,4,11,10,19,7,9,5,6,21,16,14,3,24,15,8,18,1,22,13,17,12
346_1,24,8,20,22,13,4,19,21,11,10,23,14,3,5,18,15,1,16,9,17,2,12,7,6
346_2,19,15,17,22,13,14,8,3,5,9,23,16,12,4,11,2,7,21,20,1,10,6,24,18
346_3,12,2,20,23,22,11,17,6,1,3,8,18,14,4,5,16,13,9,15,24,21,19,7,10
347_1,3,6,17,20,13,9,22,18,14,19,1,23,7,2,21,24,5,15,10,16,4,12,8,11
348_1,1,15,20,24,10,7,14,23,11,12,4,19,8,2,22,18,3,17,16,21,6,5,13,9
348_3,5,6,20,4,24,11,21,9,3,8,15,22,19,7,2,17,10,16,18,1,23,14,13,12
349_2,13,12,19,14,15,10,5,2,22,7,4,16,17,9,23,1,18,0,20,6,8,11,3,21
349_3,17,1,20,4,14,23,19,11,6,2,5,21,10,9,22,16,15,7,12,3,0,13,18,8
34_2,20,19,4,17,0,7,9,5,13,10,18,2,0,6,15,1,12,0,0,11,8,14,3,16
34_3,0,1,0,18,17,15,4,14,11,5,9,16,7,6,13,2,0,10,19,3,0,20,12,8
350_2,20,6,5,8,18,13,7,17,19,15,16,22,21,2,10,4,12,0,0,1,9,14,11,3
351_1,4,5,20,15,13,24,8,22,19,17,18,12,16,6,7,21,14,23,11,1,3,10,9,2
351_2,8,21,1,15,13,12,5,16,6,11,18,23,10,24,19,3,9,22,20,14,17,2,4,7
351_3,10,3,20,18,15,19,1,2,14,16,5,7,12,24,6,23,13,11,21,4,22,8,9,17
352_1,1,5,0,8,0,10,19,0,12,11,17,14,16,9,2,18,3,13,0,4,6,0,15,7
352_2,19,18,4,8,0,14,5,16,9,0,17,13,0,10,12,6,15,0,0,3,11,7,1,2
352_3,0,6,0,17,8,12,4,7,3,16,5,2,14,10,9,13,0,0,18,1,0,19,15,11
353_1,7,2,22,17,11,13,10,24,9,18,19,16,21,5,8,15,14,6,12,3,4,20,23,1
353_2,10,15,3,17,11,16,2,21,5,12,19,6,20,13,9,4,23,24,22,14,18,1,7,8
353_3,20,4,22,19,17,9,3,1,14,21,2,8,16,13,5,6,11,12,15,7,24,10,23,18
354_1,9,2,20,16,3,12,7,23,24,19,18,15,17,11,6,14,21,8,13,4,5,22,10,1
354_2,7,14,4,16,3,15,2,17,11,13,18,8,22,12,24,5,10,23,20,21,19,1,9,6
354_3,22,5,20,18,16,24,4,1,21,17,2,6,15,12,11,8,3,13,14,9,23,7,10,19
355_1,3,5,0,22,21,13,7,0,17,18,19,9,16,8,12,15,10,6,11,4,2,20,14,1
355_2,7,15,4,22,21,9,5,16,8,11,19,6,20,13,17,2,14,0,0,10,18,1,3,12
355_3,20,2,0,19,22,17,4,1,10,16,5,12,9,13,8,6,21,11,15,3,0,7,14,18
35_2,10,0,6,14,0,11,1,7,13,0,8,3,0,12,16,4,5,0,0,9,18,15,2,17
35_3,0,4,0,8,14,16,6,15,9,7,1,17,11,12,13,3,0,0,0,2,0,10,5,18
36_2,13,19,4,21,17,8,9,11,12,15,5,10,20,2,14,3,6,0,0,16,18,7,22,1
36_3,20,3,0,5,21,14,4,7,16,11,9,1,8,2,12,10,17,15,19,22,0,13,6,18
37_2,15,18,1,8,21,17,9,10,7,14,6,19,0,5,13,2,20,0,0,12,3,16,11,4
37_3,0,2,0,6,8,13,1,16,12,10,9,4,17,5,7,19,21,14,18,11,0,15,20,3
38_1,20,10,0,7,0,5,12,0,18,1,6,17,9,13,4,11,15,14,19,3,2,0,16,8
38_2,12,11,3,7,0,17,10,9,13,19,6,14,0,5,18,2,16,0,0,15,1,8,20,4
38_3,0,2,0,6,7,18,3,8,15,9,10,4,17,5,13,14,0,19,11,20,0,12,16,1
39_1,17,19,0,18,14,6,11,0,10,1,5,21,8,9,3,15,7,13,22,4,2,20,12,16
39_2,11,15,4,18,14,21,19,8,9,22,5,13,20,6,10,2,12,0,0,7,1,16,17,3
39_3,20,2,0,5,18,10,4,16,7,8,19,3,21,6,9,13,14,22,15,17,0,11,12,1
3_1,13,16,0,3,0,11,17,0,1,19,15,18,12,7,14,4,20,8,10,2,9,0,5,6
40_1,20,18,0,19,14,5,11,0,7,3,9,22,16,6,12,13,15,17,10,1,2,21,4,8
40_2,11,13,1,19,14,22,18,16,6,10,9,17,21,5,7,2,4,0,0,15,3,8,20,12
40_3,21,2,0,9,19,7,1,8,15,16,18,12,22,5,6,17,14,10,13,20,0,11,4,3
41_1,20,11,0,7,21,2,17,0,19,4,8,12,18,5,6,15,14,10,16,3,1,0,13,9
41_2,17,15,3,7,21,12,11,18,5,16,8,10,0,2,19,1,13,0,0,14,4,9,20,6
42_1,17,9,0,8,0,4,11,0,13,7,16,15,5,10,6,18,14,3,0,2,1,0,12,19
42_2,11,18,2,8,0,15,9,5,10,0,16,3,0,4,13,1,12,0,0,14,7,19,17,6
42_3,0,1,0,16,8,13,2,19,14,5,9,6,15,4,10,3,0,0,18,17,0,11,12,7
43_3,0,3,0,4,19,10,8,12,13,20,21,2,11,6,7,16,17,14,15,18,0,9,5,1
44_1,20,10,0,18,12,7,17,0,16,19,4,8,5,14,2,15,11,22,13,3,1,21,6,9
44_2,17,15,3,18,12,8,10,5,14,13,4,22,21,7,16,1,6,0,0,11,19,9,20,2
44_3,21,1,0,4,18,16,3,9,11,5,10,2,8,7,14,22,12,13,15,20,0,17,6,19
45_1,21,5,0,15,13,22,9,0,20,2,12,16,11,17,1,14,18,7,4,3,19,10,8,6
45_2,9,14,3,15,13,16,5,11,17,4,12,7,10,22,20,19,8,0,0,18,2,6,21,1
45_3,10,19,0,12,15,20,3,6,18,11,5,1,16,22,17,7,13,4,14,21,0,9,8,2
46_1,20,12,0,13,14,3,19,0,11,16,6,21,9,4,2,5,10,15,17,8,1,22,18,7
47_1,18,21,0,14,11,5,20,0,13,1,4,16,7,8,2,15,9,22,12,6,3,19,17,10
48_1,20,13,0,16,12,5,9,0,14,3,6,11,7,8,4,18,15,17,19,1,2,21,22,10
48_3,21,2,0,6,16,14,1,10,15,7,13,4,11,5,8,17,12,19,18,20,0,9,22,3
49_1,15,11,0,21,16,8,12,0,22,2,13,17,6,5,1,9,10,19,14,3,4,20,18,7
49_2,12,9,3,21,16,17,11,6,5,14,13,19,20,8,22,4,18,0,0,10,2,7,15,1
49_3,20,4,0,13,21,22,3,7,10,6,11,1,17,8,5,19,16,14,9,15,0,12,18,2
4_1,9,11,0,14,0,12,18,0,5,15,19,13,17,10,16,6,1,7,20,8,3,0,4,2
4_2,18,6,8,14,0,13,11,17,10,20,19,7,0,12,5,3,4,0,0,1,15,2,9,16
50_1,18,13,0,17,21,5,6,0,10,4,9,16,11,15,3,14,12,19,22,2,1,20,8,7
50_2,6,14,2,17,21,16,13,11,15,22,9,19,20,5,10,1,8,0,0,12,4,7,18,3
50_3,20,1,0,9,17,10,2,7,12,11,13,3,16,5,15,19,21,22,14,18,0,6,8,4
51_1,20,13,0,14,17,6,11,0,18,3,9,15,10,19,2,22,5,16,7,4,1,21,12,8
51_2,11,22,4,14,17,15,13,10,19,7,9,16,21,6,18,1,12,0,0,5,3,8,20,2
51_3,21,1,0,9,14,18,4,8,5,10,13,2,15,6,19,16,17,7,22,20,0,11,12,3
52_1,7,10,0,14,21,6,4,0,12,13,2,15,22,9,16,11,1,5,19,3,8,18,17,20
52_2,4,11,3,14,21,15,10,22,9,19,2,5,18,6,12,8,17,0,0,1,13,20,7,16
52_3,18,8,0,2,14,12,3,20,1,22,10,16,15,6,9,5,21,19,11,7,0,4,17,13
53_1,5,7,0,14,11,21,12,0,4,8,10,9,17,2,3,20,6,15,18,13,19,0,1,16
53_2,12,20,13,14,11,9,7,17,2,18,10,15,0,21,4,19,1,0,0,6,8,16,5,3
54_1,13,15,0,18,9,7,12,0,5,2,8,21,14,3,11,20,1,4,19,16,6,0,10,17
54_2,12,20,16,18,9,21,15,14,3,19,8,4,0,7,5,6,10,0,0,1,2,17,13,11
54_3,0,6,0,8,18,5,16,17,1,14,15,11,21,7,3,4,9,19,20,13,0,12,10,2
55_1,10,9,0,4,0,2,8,0,18,14,1,16,15,3,6,11,5,19,0,13,7,0,12,17
55_2,8,11,13,4,0,16,9,15,3,0,1,19,0,2,18,7,12,0,0,5,14,17,10,6
55_3,0,7,0,1,4,18,13,17,5,15,9,6,16,2,3,19,0,0,11,10,0,8,12,14
56_1,5,12,0,17,11,13,16,0,7,9,14,18,20,4,3,19,2,8,21,10,15,0,1,6
56_2,16,19,10,17,11,18,12,20,4,21,14,8,0,13,7,15,1,0,0,2,9,6,5,3
56_3,0,15,0,14,17,7,10,6,2,20,12,3,18,13,4,8,11,21,19,5,0,16,1,9
57_1,7,10,0,18,20,19,16,0,11,12,21,13,14,1,3,17,4,6,8,5,9,0,2,15
57_2,16,17,5,18,20,13,10,14,1,8,21,6,0,19,11,9,2,0,0,4,12,15,7,3
57_3,0,9,0,21,18,11,5,15,4,14,10,3,13,19,1,6,20,8,17,7,0,16,2,12
58_1,6,2,0,13,21,14,15,0,3,12,18,11,20,1,4,16,7,8,19,5,10,17,22,9
58_2,15,16,5,13,21,11,2,20,1,19,18,8,17,14,3,10,22,0,0,7,12,9,6,4
58_3,17,10,0,18,13,3,5,9,7,20,2,4,11,14,1,8,21,19,16,6,0,15,22,12
59_1,5,8,0,16,14,6,13,0,18,2,7,4,19,1,21,10,15,9,22,3,11,20,17,12
59_2,13,10,3,16,14,4,8,19,1,22,7,9,20,6,18,11,17,0,0,15,2,12,5,21
59_3,20,11,0,7,16,18,3,12,15,19,8,21,4,6,1,9,14,22,10,5,0,13,17,2
5_1,5,3,0,16,0,9,4,0,0,8,10,0,11,7,12,0,14,13,0,6,15,0,1,2
5_2,4,0,6,16,0,0,3,11,7,0,10,13,0,9,0,15,1,0,0,14,8,2,5,12
60_1,12,8,0,3,0,9,17,0,15,14,11,16,18,1,4,10,5,13,19,2,6,0,7,20
60_2,17,10,2,3,0,16,8,18,1,19,11,13,0,9,15,6,7,0,0,5,14,20,12,4
60_3,0,6,0,11,3,15,2,20,5,18,8,4,16,9,1,13,0,19,10,12,0,17,7,14
61_1,14,3,0,16,20,5,13,0,6,12,19,15,18,1,10,21,8,4,9,2,11,0,7,17
61_2,13,21,2,16,20,15,3,18,1,9,19,4,0,5,6,11,7,0,0,8,12,17,14,10
61_3,0,11,0,19,16,6,2,17,8,18,3,10,15,5,1,4,20,9,21,14,0,13,7,12
62_1,15,12,0,6,0,3,9,0,0,5,14,0,10,11,13,0,7,4,0,1,8,0,0,2
62_2,9,0,1,6,0,0,12,10,11,0,14,4,0,3,0,8,0,0,0,7,5,2,15,13
62_3,0,8,0,14,6,0,1,2,7,10,12,13,0,3,11,4,0,0,0,15,0,9,0,5
64_1,19,9,0,17,7,6,15,0,2,5,12,10,3,1,14,16,4,8,18,13,20,0,21,11
64_2,15,16,13,17,7,10,9,3,1,18,12,8,0,6,2,20,21,0,0,4,5,11,19,14
65_1,5,11,0,13,3,19,12,0,21,14,7,4,8,6,16,20,17,9,18,1,10,0,15,2
65_2,12,20,1,13,3,4,11,8,6,18,7,9,0,19,21,10,15,0,0,17,14,2,5,16
66_2,16,2,20,7,10,13,5,8,3,9,1,11,0,6,15,18,19,0,0,4,12,14,17,21
67_1,9,5,0,16,20,11,17,0,21,12,4,19,3,7,22,2,14,13,18,1,6,8,15,10
67_2,17,2,1,16,20,19,5,3,7,18,4,13,8,11,21,6,15,0,0,14,12,10,9,22
67_3,8,6,0,4,16,21,1,10,14,3,5,22,19,11,7,13,20,18,2,9,0,17,15,12
68_1,2,4,0,10,7,13,15,0,22,14,16,18,17,1,19,6,12,11,21,3,9,20,8,5
68_2,15,6,3,10,7,18,4,17,1,21,16,11,20,13,22,9,8,0,0,12,14,5,2,19
69_3,20,8,0,1,15,18,9,10,13,11,6,19,22,12,4,16,14,21,2,7,0,3,17,5
6_1,5,11,0,8,0,16,14,0,4,17,13,15,7,6,10,2,20,3,12,9,18,0,1,19
6_3,0,18,0,13,8,4,9,19,20,7,11,10,15,16,6,3,0,12,2,5,0,14,1,17
70_1,5,6,0,14,19,4,13,0,18,21,16,7,15,2,1,20,10,3,11,9,12,0,17,8
70_2,13,20,9,14,19,7,6,15,2,11,16,3,0,4,18,12,17,0,0,10,21,8,5,1
70_3,0,12,0,16,14,18,9,8,10,15,6,1,7,4,2,3,19,11,20,5,0,13,17,21
72_1,5,12,0,11,0,1,14,0,17,16,4,15,9,6,2,18,3,7,20,13,8,0,10,19
72_2,14,18,13,11,0,15,12,9,6,20,4,7,0,1,17,8,10,0,0,3,16,19,5,2
72_3,0,8,0,4,11,17,13,19,3,9,12,2,15,1,6,7,0,20,18,5,0,14,10,16
73_3,0,5,0,3,17,9,11,19,8,12,13,16,15,1,7,4,0,0,18,6,0,2,14,10
74_1,12,9,0,20,0,2,7,0,17,3,4,8,18,1,15,16,11,5,19,6,10,0,13,14
74_2,7,16,6,20,0,8,9,18,1,19,4,5,0,2,17,10,13,0,0,11,3,14,12,15
74_3,0,10,0,4,20,17,6,14,11,18,9,15,8,2,1,5,0,19,16,12,0,7,13,3
75_1,17,13,0,16,0,2,8,0,15,14,4,18,9,1,5,0,3,6,0,10,12,0,11,7
75_2,8,0,10,16,0,18,13,9,1,0,4,6,0,2,15,12,11,0,0,3,14,7,17,5
75_3,0,12,0,4,16,15,10,7,3,9,13,5,18,2,1,6,0,0,0,17,0,8,11,14
76_1,15,13,0,16,0,2,12,0,18,11,5,14,7,1,4,0,17,3,0,9,6,0,10,8
77_1,7,19,0,13,0,5,14,0,12,17,3,11,6,1,4,15,9,8,0,18,2,0,10,16
77_3,0,2,0,3,13,12,18,16,9,6,19,4,11,5,1,8,0,0,15,7,0,14,10,17
78_1,12,19,0,4,0,2,6,0,20,3,7,13,9,5,11,18,1,14,17,8,10,0,15,16
78_2,6,18,8,4,0,13,19,9,5,17,7,14,0,2,20,10,15,0,0,1,3,16,12,11
79_1,0,0,0,0,0,4,0,0,0,0,0,0,5,1,6,0,0,0,0,3,2,0,0,0
79_2,0,0,3,0,0,0,0,5,1,0,0,0,0,4,0,2,0,0,0,0,0,0,0,6
79_3,0,2,0,0,0,0,3,0,0,5,0,6,0,4,1,0,0,0,0,0,0,0,0,0
7_1,6,15,0,3,0,13,17,0,2,8,20,18,11,5,10,12,14,9,19,7,16,0,1,4
7_2,17,12,7,3,0,18,15,11,5,19,20,9,0,13,2,16,1,0,0,14,8,4,6,10
7_3,0,16,0,20,3,2,7,4,14,11,15,10,18,13,5,9,0,19,12,6,0,17,1,8
80_1,12,4,0,7,0,1,3,0,19,8,2,10,9,11,15,16,6,13,20,5,14,0,17,18
80_2,3,16,5,7,0,10,4,9,11,20,2,13,0,1,19,14,17,0,0,6,8,18,12,15
80_3,0,14,0,2,7,19,5,18,6,9,4,15,10,1,11,13,0,20,16,12,0,3,17,8
81_1,9,4,0,1,0,2,7,0,17,3,6,10,15,8,14,16,5,11,19,20,13,0,12,18
81_2,7,16,20,1,0,10,4,15,8,19,6,11,0,2,17,13,12,0,0,5,3,18,9,14
81_3,0,13,0,6,1,17,20,18,5,15,4,14,10,2,8,11,0,19,16,9,0,7,12,3
83_1,16,5,0,18,0,10,3,0,17,9,14,15,11,2,4,0,13,6,0,7,8,0,12,1
83_2,3,0,7,18,0,15,5,11,2,0,14,6,0,10,17,8,12,0,0,13,9,1,16,4
841_1,1,6,0,11,14,13,22,0,8,12,5,4,15,7,19,16,3,17,10,9,2,18,21,20
841_2,22,16,9,11,14,4,6,15,7,10,5,17,18,13,8,2,21,0,0,3,12,20,1,19
842_1,1,4,17,8,18,2,23,22,12,16,6,11,19,13,20,10,9,21,5,7,3,14,24,15
842_2,23,10,7,8,18,11,4,19,13,5,6,21,14,2,12,3,24,22,17,9,16,15,1,20
842_3,14,3,17,6,8,12,7,15,9,19,4,20,11,2,13,21,18,5,10,1,22,23,24,16
843_2,21,11,6,9,20,10,1,18,4,12,5,19,7,14,13,2,24,23,16,17,8,15,3,22
843_3,7,2,16,5,9,13,6,15,17,18,1,22,10,14,4,19,20,12,11,3,23,21,24,8
844_1,11,1,22,21,13,9,7,0,20,3,17,18,15,2,10,8,5,12,14,4,6,23,16,19
844_2,7,8,4,21,13,18,1,15,2,14,17,12,23,9,20,6,16,0,22,5,3,19,11,10
844_3,23,6,22,17,21,20,4,19,5,15,1,10,18,9,2,12,13,14,8,11,0,7,16,3
845_1,2,10,11,6,13,17,19,23,9,18,8,12,16,7,21,24,3,15,5,1,4,14,22,20
845_2,19,24,1,6,13,12,10,16,7,5,8,15,14,17,9,4,22,23,11,3,18,20,2,21
846_1,1,2,21,9,7,15,23,0,16,14,6,18,19,5,20,13,4,17,8,3,10,12,22,11
846_2,23,13,3,9,7,18,2,19,5,8,6,17,12,15,16,10,22,0,21,4,14,11,1,20
846_3,12,10,21,6,9,16,3,11,4,19,2,20,18,15,5,17,7,8,13,1,0,23,22,14
847_1,1,7,11,8,10,9,20,23,22,14,3,15,19,6,21,24,4,18,13,2,5,12,17,16
847_2,20,24,2,8,10,15,7,19,6,13,3,18,12,9,22,5,17,23,11,4,14,16,1,21
847_3,12,5,11,3,8,22,2,16,4,19,7,21,15,9,6,18,10,13,24,1,23,20,17,14
848_1,1,7,16,8,22,10,21,23,14,9,4,17,19,6,18,13,2,20,15,3,5,11,24,12
848_3,11,5,16,4,8,14,3,12,2,19,7,18,17,10,6,20,22,15,13,1,23,21,24,9
849_1,1,4,23,9,7,14,21,24,16,11,5,8,18,12,20,15,2,22,10,3,6,13,17,19
84_1,18,10,0,4,0,3,11,0,13,12,5,16,20,1,8,17,2,9,14,19,6,0,7,15
84_2,11,17,19,4,0,16,10,20,1,14,5,9,0,3,13,6,7,0,0,2,12,15,18,8
850_1,11,4,20,18,24,23,9,21,12,2,6,8,16,5,17,22,10,7,13,3,1,15,14,19
850_2,9,22,3,18,24,8,4,16,5,13,6,7,15,23,12,1,14,21,20,10,2,19,11,17
850_3,15,1,20,6,18,12,3,19,10,16,4,17,8,23,5,7,24,13,22,11,21,9,14,2
851_1,1,3,22,6,9,16,24,23,15,20,7,10,18,4,17,12,8,21,13,5,2,19,14,11
851_2,24,12,5,6,9,10,3,18,4,13,7,21,19,16,15,2,14,23,22,8,20,11,1,17
851_3,19,2,22,7,6,15,5,11,8,18,3,17,10,16,4,21,9,13,12,1,23,24,14,20
852_1,15,2,16,6,7,1,14,0,10,8,21,22,20,5,3,17,12,11,13,23,4,19,9,18
852_2,14,17,23,6,7,22,2,20,5,13,21,11,19,1,10,4,9,0,16,12,8,18,15,3
852_3,19,4,16,21,6,10,23,18,12,20,2,3,22,1,5,11,7,13,17,15,0,14,9,8
853_1,4,20,0,18,21,1,11,0,9,6,17,8,5,12,13,10,2,7,19,14,3,0,15,16
853_3,0,3,0,17,18,9,14,16,2,5,20,13,8,1,12,7,21,19,10,4,0,11,15,6
854_1,13,1,21,15,10,6,7,24,16,4,17,19,22,3,5,14,2,9,12,20,8,11,18,23
854_2,7,14,20,15,10,19,1,22,3,12,17,9,11,6,16,8,18,24,21,2,4,23,13,5
854_3,11,8,21,17,15,16,20,23,2,22,1,5,19,6,3,9,10,12,14,13,24,7,18,4
855_1,16,1,20,11,8,21,7,23,12,6,18,10,22,5,4,13,3,9,15,14,2,17,19,24
855_2,7,13,14,11,8,10,1,22,5,15,18,9,17,21,12,2,19,23,20,3,6,24,16,4
856_1,15,1,23,17,9,7,10,21,13,3,22,8,20,5,4,19,6,11,14,16,2,18,12,24
856_2,10,19,16,17,9,8,1,20,5,14,22,11,18,7,13,2,12,21,23,6,3,24,15,4
856_3,18,2,23,22,17,13,16,24,6,20,1,4,8,7,5,11,9,14,19,15,21,10,12,3
857_1,22,1,18,12,20,7,17,0,15,3,23,10,21,4,5,14,2,9,13,16,6,19,11,8
857_2,17,14,16,12,20,10,1,21,4,13,23,9,19,7,15,6,11,0,18,2,3,8,22,5
857_3,19,6,18,23,12,15,16,8,2,21,1,5,10,7,4,9,20,13,14,22,0,17,11,3
858_1,19,24,22,12,10,6,7,23,11,4,20,13,16,2,5,18,3,8,21,15,1,9,14,17
858_2,7,18,15,12,10,13,24,16,2,21,20,8,9,6,11,1,14,23,22,3,4,17,19,5
858_3,9,1,22,20,12,11,15,17,3,16,24,5,13,6,2,8,10,21,18,19,23,7,14,4
859_1,19,1,21,13,10,7,11,24,14,2,18,12,23,4,6,9,3,8,20,15,5,16,17,22
859_3,16,5,21,18,13,14,15,22,3,23,1,6,12,7,4,8,10,20,9,19,24,11,17,2
85_2,1,20,12,13,0,16,9,17,4,14,18,3,0,11,10,2,15,0,0,6,8,7,19,5
860_1,6,3,0,20,18,4,19,0,15,1,10,12,13,8,14,21,5,9,16,17,2,0,7,11
860_2,19,21,17,20,18,12,3,13,8,16,10,9,0,4,15,2,7,0,0,5,1,11,6,14
861_1,23,16,14,9,11,6,21,20,18,2,10,24,8,5,19,7,4,3,12,15,1,17,13,22
861_3,17,1,14,10,9,18,15,22,4,8,16,19,24,6,5,3,11,12,7,23,20,21,13,2
862_2,11,15,16,7,6,12,2,4,8,13,10,9,19,1,20,5,17,21,24,14,3,23,22,18
862_3,19,5,24,10,7,20,16,23,14,4,2,18,12,1,8,9,6,13,15,22,21,11,17,3
863_1,22,18,14,13,10,9,4,20,17,6,8,11,7,5,21,15,1,3,12,24,2,16,19,23
863_2,4,15,24,13,10,11,18,7,5,12,8,3,16,9,17,2,19,20,14,1,6,23,22,21
863_3,16,2,14,8,13,17,24,23,1,7,18,21,11,9,5,3,10,12,15,22,20,4,19,6
864_3,15,20,10,11,9,18,16,23,7,3,6,19,17,4,1,12,24,13,2,22,21,5,14,8
865_1,20,8,0,19,16,2,9,0,11,14,5,18,7,4,15,12,6,1,17,13,3,0,10,21
865_2,9,12,13,19,16,18,8,7,4,17,5,1,0,2,11,3,10,0,0,6,14,21,20,15
866_2,8,19,16,12,13,15,9,11,3,7,6,4,18,5,21,2,14,23,17,1,10,24,20,22
866_3,18,2,17,6,12,21,16,24,1,11,9,22,15,5,3,4,13,7,19,20,23,8,14,10
867_1,22,21,23,7,16,11,4,0,14,1,17,5,6,8,10,9,12,13,15,18,2,20,19,3
867_2,4,9,18,7,16,5,21,6,8,15,17,13,20,11,14,2,19,0,23,12,1,3,22,10
868_1,19,3,22,14,17,15,12,0,9,13,4,6,7,1,18,23,5,2,10,21,8,16,11,20
868_2,12,23,21,14,17,6,3,7,1,10,4,2,16,15,9,8,11,0,22,5,13,20,19,18
868_3,16,8,22,4,14,9,21,20,5,7,3,18,6,15,1,2,17,10,23,19,0,12,11,13
869_2,24,6,17,12,14,23,3,9,1,10,22,7,11,16,15,8,4,18,13,2,5,21,20,19
869_3,11,8,13,22,12,15,17,21,2,9,3,19,23,16,1,7,14,10,6,20,18,24,4,5
86_1,20,8,0,13,0,2,1,0,16,12,10,19,11,6,3,18,14,7,15,9,4,0,17,5
86_2,1,18,9,13,0,19,8,11,6,15,10,7,0,2,16,4,17,0,0,14,12,5,20,3
86_3,0,4,0,10,13,16,9,5,14,11,8,3,19,2,6,7,0,15,18,20,0,1,17,12
870_1,22,24,17,19,13,11,2,20,18,3,9,8,6,5,21,12,4,7,14,16,1,15,10,23
870_2,2,12,16,19,13,8,24,6,5,14,9,7,15,11,18,1,10,20,17,4,3,23,22,21
870_3,15,1,17,9,19,18,16,23,4,6,24,21,8,11,5,7,13,14,12,22,20,2,10,3
871_1,19,14,0,9,0,10,15,0,4,5,1,6,11,2,8,7,17,12,18,16,13,0,20,3
871_3,0,13,0,1,9,4,16,3,17,11,14,8,6,10,2,12,0,18,7,19,0,15,20,5
872_1,24,4,17,18,15,11,8,22,10,3,2,19,6,7,21,9,5,14,12,16,1,13,20,23
872_2,8,9,16,18,15,19,4,6,7,12,2,14,13,11,10,1,20,22,17,5,3,23,24,21
872_3,13,1,17,2,18,10,16,23,5,6,4,21,19,11,7,14,15,12,9,24,22,8,20,3
873_1,21,10,15,19,13,9,8,20,23,3,24,18,11,5,17,4,2,7,6,16,1,14,12,22
873_2,8,4,16,19,13,18,10,11,5,6,24,7,14,9,23,1,12,20,15,2,3,22,21,17
873_3,14,1,15,24,19,23,16,22,2,11,10,17,18,9,5,7,13,6,4,21,20,8,12,3
874_3,18,7,0,3,19,9,11,2,17,4,20,22,15,13,5,1,14,10,6,12,0,8,21,16
875_3,15,4,22,5,7,12,16,8,10,6,21,19,13,14,3,2,18,9,11,20,0,23,17,1
876_1,17,24,23,16,8,10,12,19,20,3,6,13,7,4,21,11,1,2,14,18,5,15,9,22
876_3,15,5,23,6,16,20,18,22,1,7,24,21,13,10,4,2,8,14,11,17,19,12,9,3
877_1,21,10,17,8,11,12,22,0,19,6,7,3,2,4,14,23,20,5,9,15,1,13,16,18
877_2,22,23,15,8,11,3,10,2,4,9,7,5,13,12,19,1,16,0,17,20,6,18,21,14
877_3,13,1,17,7,8,19,15,18,20,2,10,14,3,12,4,5,11,9,23,21,0,22,16,6
878_1,23,5,16,17,11,14,8,22,18,15,10,12,7,4,19,13,1,2,9,21,3,20,6,24
878_2,8,13,21,17,11,12,5,7,4,9,10,2,20,14,18,3,6,22,16,1,15,24,23,19
878_3,20,3,16,10,17,18,21,24,1,7,5,19,12,14,4,2,11,9,13,23,22,8,6,15
879_1,19,13,0,10,18,11,16,0,14,2,3,9,8,5,17,7,22,4,12,15,1,20,6,21
879_2,16,7,15,10,18,9,13,8,5,12,3,4,20,11,14,1,6,0,0,22,2,21,19,17
87_1,4,14,0,18,0,3,7,0,16,8,6,12,15,11,13,0,9,5,0,10,1,0,17,2
87_3,0,1,0,6,18,16,10,2,9,15,14,13,12,3,11,5,0,0,0,4,0,7,17,8
880_1,8,15,0,14,17,6,20,0,18,1,7,16,2,3,10,13,11,9,19,5,4,0,21,12
880_2,20,13,5,14,17,16,15,2,3,19,7,9,0,6,18,4,21,0,0,11,1,12,8,10
880_3,0,4,0,7,14,18,5,12,11,2,15,10,16,6,3,9,17,19,13,8,0,20,21,1
881_1,15,10,0,11,19,7,8,0,17,1,3,21,6,2,9,16,13,5,22,12,4,20,18,14
881_2,8,16,12,11,19,21,10,6,2,22,3,5,20,7,17,4,18,0,0,13,1,14,15,9
881_3,20,4,0,3,11,17,12,14,13,6,10,9,21,7,2,5,19,22,16,15,0,8,18,1
882_1,15,10,0,7,18,5,13,0,21,9,22,19,3,2,11,12,6,8,16,4,1,17,20,14
882_2,13,12,4,7,18,19,10,3,2,16,22,8,17,5,21,1,20,0,0,6,9,14,15,11
883_1,14,12,0,13,18,1,9,0,19,2,6,20,5,3,22,21,11,8,15,7,10,17,16,4
883_2,9,21,7,13,18,20,12,5,3,15,6,8,17,1,19,10,16,0,0,11,2,4,14,22
883_3,17,10,0,6,13,19,7,4,11,5,12,22,20,1,3,8,18,15,21,14,0,9,16,2
884_2,6,16,5,14,19,20,13,7,3,18,11,17,21,1,22,4,12,0,0,9,2,10,15,8
884_3,21,4,0,11,14,22,5,10,9,7,13,8,20,1,3,17,19,18,16,15,0,6,12,2
885_1,21,11,0,13,22,1,7,0,16,3,4,19,18,6,9,17,14,8,12,5,2,20,10,15
885_2,7,17,5,13,22,19,11,18,6,12,4,8,20,1,16,2,10,0,0,14,3,15,21,9
886_1,13,11,0,9,17,3,12,0,19,1,4,22,14,5,8,18,20,15,6,10,2,21,7,16
886_2,12,18,10,9,17,22,11,14,5,6,4,15,21,3,19,2,7,0,0,20,1,16,13,8
886_3,21,2,0,4,9,19,10,16,20,14,11,8,22,3,5,15,17,6,18,13,0,12,7,1
887_3,21,1,0,14,7,19,6,18,8,5,12,4,20,3,9,10,22,17,13,15,0,11,16,2
888_1,15,11,0,7,17,12,10,0,21,1,2,22,6,8,13,16,5,9,19,4,3,20,18,14
888_3,20,3,0,2,7,21,4,14,5,6,11,13,22,12,8,9,17,19,16,15,0,10,18,1
88_1,14,1,0,15,0,12,6,0,17,2,5,13,4,16,18,10,19,3,0,11,8,0,9,7
88_2,6,10,11,15,0,13,1,4,16,0,5,3,0,12,17,8,9,0,0,19,2,7,14,18
88_3,0,8,0,5,15,17,11,7,19,4,1,18,13,12,16,3,0,0,10,14,0,6,9,2
890_1,11,15,0,9,18,12,10,0,20,2,7,22,5,4,14,17,3,8,19,6,1,21,16,13
890_2,10,17,6,9,18,22,15,5,4,19,7,8,21,12,20,1,16,0,0,3,2,13,11,14
890_3,21,1,0,7,9,20,6,13,3,5,15,14,22,12,4,8,18,19,17,11,0,10,16,2
891_1,15,8,0,17,14,3,11,0,22,1,6,21,12,5,13,18,9,4,19,10,2,20,16,7
891_3,20,2,0,6,17,22,10,7,9,12,8,13,21,3,5,4,14,19,18,15,0,11,16,1
892_1,14,5,0,9,19,6,7,0,20,1,3,15,2,4,12,16,13,11,18,21,10,0,17,8
892_2,7,16,21,9,19,15,5,2,4,18,3,11,0,6,20,10,17,0,0,13,1,8,14,12
892_3,0,10,0,3,9,20,21,8,13,2,5,12,15,6,4,11,19,18,16,14,0,7,17,1
893_1,16,9,0,14,18,2,10,0,21,1,4,22,7,3,17,11,5,8,19,13,6,20,15,12
893_3,20,6,0,4,14,21,13,12,5,7,9,17,22,2,3,8,18,19,11,16,0,10,15,1
894_1,9,5,0,7,15,4,11,0,19,1,12,22,21,6,18,14,2,10,17,8,3,20,16,13
894_2,11,14,8,7,15,22,5,21,6,17,12,10,20,4,19,3,16,0,0,2,1,13,9,18
894_3,20,3,0,12,7,19,8,13,2,21,5,18,22,4,6,10,15,17,14,9,0,11,16,1
895_1,15,7,0,14,0,4,8,0,19,3,2,18,5,6,16,9,1,10,13,11,20,0,17,12
895_3,0,20,0,2,14,19,11,12,1,5,7,16,18,4,6,10,0,13,9,15,0,8,17,3
896_1,12,5,0,9,22,3,8,0,21,1,7,19,2,10,11,14,16,13,17,6,4,18,20,15
896_2,8,14,6,9,22,19,5,2,10,17,7,13,18,3,21,4,20,0,0,16,1,15,12,11
896_3,18,4,0,7,9,21,6,15,16,2,5,11,19,3,10,13,22,17,14,12,0,8,20,1
897_1,10,11,0,12,20,2,16,0,21,4,15,13,14,8,3,17,6,1,19,7,5,0,18,9
897_2,16,17,7,12,20,13,11,14,8,19,15,1,0,2,21,5,18,0,0,6,4,9,10,3
897_3,0,5,0,15,12,21,7,9,6,14,11,3,13,2,8,1,20,19,17,10,0,16,18,4
898_1,9,17,0,16,18,11,10,0,21,2,15,14,13,7,4,8,5,1,19,12,3,0,20,6
898_2,10,8,12,16,18,14,17,13,7,19,15,1,0,11,21,3,20,0,0,5,2,6,9,4
898_3,0,3,0,15,16,21,12,6,5,13,17,4,14,11,7,1,18,19,8,9,0,10,20,2
899_1,18,7,0,9,21,2,16,0,20,1,5,22,6,3,14,13,8,11,10,15,4,19,12,17
899_2,16,13,15,9,21,22,7,6,3,10,5,11,19,2,20,4,12,0,0,8,1,17,18,14
89_1,19,8,0,13,0,3,4,0,15,2,9,18,6,12,10,20,7,5,14,11,1,0,16,17
89_2,4,20,11,13,0,18,8,6,12,14,9,5,0,3,15,1,16,0,0,7,2,17,19,10
89_3,0,1,0,9,13,15,11,17,7,6,8,10,18,3,12,5,0,14,20,19,0,4,16,2
8_1,8,16,0,3,0,11,20,0,1,13,17,14,19,6,4,2,10,5,18,12,15,0,9,7
8_3,0,15,0,17,3,1,12,7,10,19,16,4,14,11,6,5,0,18,2,8,0,20,9,13
900_1,2,18,0,19,0,1,16,0,20,5,15,3,12,6,11,9,14,17,13,8,4,0,10,7
900_2,16,9,8,19,0,3,18,12,6,13,15,17,0,1,20,4,10,0,0,14,5,7,2,11
900_3,0,4,0,15,19,20,8,7,14,12,18,11,3,1,6,17,0,13,9,2,0,16,10,5
901_1,20,6,0,19,17,2,18,0,12,14,9,21,10,5,15,8,16,4,13,7,1,0,11,3
901_3,0,1,0,9,19,12,7,3,16,10,6,15,21,2,5,4,17,13,8,20,0,18,11,14
902_1,15,8,0,22,13,2,12,0,14,19,6,5,3,7,20,16,18,10,11,9,1,17,21,4
902_2,12,16,9,22,13,5,8,3,7,11,6,10,17,2,14,1,21,0,0,18,19,4,15,20
902_3,17,1,0,6,22,14,9,4,18,3,8,20,5,2,7,10,13,11,16,15,0,12,21,19
903_1,18,7,0,12,11,6,4,0,15,8,14,10,5,3,22,19,17,2,16,9,1,21,20,13
903_2,4,19,9,12,11,10,7,5,3,16,14,2,21,6,15,1,20,0,0,17,8,13,18,22
903_3,21,1,0,14,12,15,9,13,17,5,7,22,10,6,3,2,11,16,19,18,0,4,20,8
904_1,20,9,0,19,12,2,4,0,11,5,13,3,8,7,16,17,18,14,15,6,1,22,21,10
904_2,4,17,6,19,12,3,9,8,7,15,13,14,22,2,11,1,21,0,0,18,5,10,20,16
905_1,5,10,0,14,0,1,17,0,16,19,11,7,13,6,20,9,15,3,18,4,2,0,12,8
905_2,17,9,4,14,0,7,10,13,6,18,11,3,0,1,16,2,12,0,0,15,19,8,5,20
905_3,0,2,0,11,14,16,4,8,15,13,10,20,7,1,6,3,0,18,9,5,0,17,12,19
906_1,17,12,0,7,0,1,6,0,4,15,10,13,5,8,14,16,18,2,19,9,3,0,20,11
906_2,6,16,9,7,0,13,12,5,8,19,10,2,0,1,4,3,20,0,0,18,15,11,17,14
906_3,0,3,0,10,7,4,9,11,18,5,12,14,13,1,8,2,0,19,16,17,0,6,20,15
907_1,17,8,0,15,10,3,9,0,16,22,13,2,1,5,14,18,19,12,6,7,4,20,21,11
907_3,20,4,0,13,15,16,7,11,19,1,8,14,2,3,5,12,10,6,18,17,0,9,21,22
908_2,10,8,12,13,0,3,20,2,14,16,17,19,0,1,11,4,9,0,0,15,6,18,7,5
908_3,0,4,0,17,13,11,12,18,15,2,20,5,3,1,14,19,0,16,8,7,0,10,9,6
909_1,8,14,0,16,20,1,11,0,2,18,3,19,10,4,6,21,5,12,7,9,17,0,13,15
909_2,11,21,9,16,20,19,14,10,4,7,3,12,0,1,2,17,13,0,0,5,18,15,8,6
909_3,0,17,0,3,16,2,9,15,5,10,14,6,19,1,4,12,20,7,21,8,0,11,13,18
90_1,6,2,0,18,0,3,7,0,19,4,5,16,12,11,10,17,14,8,20,9,15,0,13,1
90_2,7,17,9,18,0,16,2,12,11,20,5,8,0,3,19,15,13,0,0,14,4,1,6,10
90_3,0,15,0,5,18,19,9,1,14,12,2,10,16,3,11,8,0,20,17,6,0,7,13,4
910_1,18,7,0,9,22,1,6,0,11,14,5,2,8,4,12,15,16,3,20,13,21,19,17,10
911_1,11,17,0,20,18,2,15,0,6,21,10,22,9,4,13,8,14,3,12,7,1,19,16,5
911_2,15,8,7,20,18,22,17,9,4,12,10,3,19,2,6,1,16,0,0,14,21,5,11,13
911_3,19,1,0,10,20,6,7,5,14,9,17,13,22,2,4,3,18,12,8,11,0,15,16,21
912_2,12,18,10,13,20,11,9,3,7,2,6,5,22,1,16,4,19,0,0,17,21,8,14,15
912_3,22,4,0,6,13,16,10,8,17,3,9,15,11,1,7,5,20,2,18,14,0,12,19,21
913_1,14,17,0,20,19,21,11,0,8,15,7,18,6,3,16,9,12,2,10,5,1,0,13,4
913_2,11,9,5,20,19,18,17,6,3,10,7,2,0,21,8,1,13,0,0,12,15,4,14,16
913_3,0,1,0,7,20,8,5,4,12,6,17,16,18,21,3,2,19,10,9,14,0,11,13,15
914_1,21,13,0,19,12,1,6,0,15,16,8,3,4,5,14,17,18,9,7,10,2,22,20,11
914_2,6,17,10,19,12,3,13,4,5,7,8,9,22,1,15,2,20,0,0,18,16,11,21,14
914_3,22,2,0,8,19,15,10,11,18,4,13,14,3,1,5,9,12,7,17,21,0,6,20,16
915_1,18,14,0,5,16,6,10,0,13,15,3,2,17,4,19,7,20,9,8,11,1,0,21,12
915_2,10,7,11,5,16,2,14,17,4,8,3,9,0,6,13,1,21,0,0,20,15,12,18,19
915_3,0,1,0,3,5,13,11,12,20,17,14,19,2,6,4,9,16,8,7,18,0,10,21,15
916_1,7,17,0,4,0,1,13,0,15,9,16,0,3,6,11,0,10,14,0,8,2,0,5,12
916_2,13,0,8,4,0,0,17,3,6,0,16,14,0,1,15,2,5,0,0,10,9,12,7,11
916_3,0,2,0,16,4,15,8,12,10,3,17,11,0,1,6,14,0,0,0,7,0,13,5,9
917_1,15,17,0,10,0,1,16,0,6,14,5,13,3,7,18,0,12,8,0,11,2,0,4,9
917_2,16,0,11,10,0,13,17,3,7,0,5,8,0,1,6,2,4,0,0,12,14,9,15,18
917_3,0,2,0,5,10,6,11,9,12,3,17,18,13,1,7,8,0,0,0,15,0,16,4,14
918_2,17,7,5,12,0,13,9,3,6,20,4,18,0,2,8,1,11,0,0,15,19,10,14,16
918_3,0,1,0,4,12,8,5,10,15,3,9,16,13,2,6,18,0,20,7,14,0,17,11,19
91_1,8,2,0,15,0,10,3,0,18,6,5,20,12,4,7,17,16,9,19,11,13,0,14,1
926_1,6,9,0,0,0,2,0,0,0,7,10,0,12,8,4,0,13,11,0,3,1,0,0,5
926_2,0,0,3,0,0,0,9,12,8,0,10,11,0,2,0,1,0,0,0,13,7,5,6,4
926_3,0,1,0,10,0,0,3,5,13,12,9,4,0,2,8,11,0,0,0,6,0,0,0,7
927_1,4,16,0,8,0,3,6,0,13,7,2,11,5,15,17,18,19,10,0,12,1,0,9,14
927_2,6,18,12,8,0,11,16,5,15,0,2,10,0,3,13,1,9,0,0,19,7,14,4,17
927_3,0,1,0,2,8,13,12,14,19,5,16,17,11,3,15,10,0,0,18,4,0,6,9,7
928_1,17,15,0,9,0,2,13,0,11,12,3,8,5,16,18,14,10,7,19,4,1,0,20,6
928_2,13,14,4,9,0,8,15,5,16,19,3,7,0,2,11,1,20,0,0,10,12,6,17,18
928_3,0,1,0,3,9,11,4,6,10,5,15,18,8,2,16,7,0,19,14,17,0,13,20,12
929_1,5,6,0,19,0,4,9,0,12,16,7,10,17,13,2,18,11,8,0,3,1,0,14,15
929_2,9,18,3,19,0,10,6,17,13,0,7,8,0,4,12,1,14,0,0,11,16,15,5,2
929_3,0,1,0,7,19,12,3,15,11,17,6,2,10,4,13,8,0,0,18,5,0,9,14,16
92_1,5,2,0,15,0,19,3,0,8,7,6,17,12,14,9,20,11,10,18,4,16,0,13,1
92_2,3,20,4,15,0,17,2,12,14,18,6,10,0,19,8,16,13,0,0,11,7,1,5,9
92_3,0,16,0,6,15,8,4,1,11,12,2,9,17,19,14,10,0,18,20,5,0,3,13,7
930_1,10,16,0,15,0,1,13,0,6,18,2,14,8,12,17,7,11,9,19,5,3,0,20,4
930_2,13,7,5,15,0,14,16,8,12,19,2,9,0,1,6,3,20,0,0,11,18,4,10,17
930_3,0,3,0,2,15,6,5,4,11,8,16,17,14,1,12,9,0,19,7,10,0,13,20,18
931_1,5,7,0,15,0,2,4,0,9,19,3,12,20,11,10,17,8,13,18,6,1,0,16,14
931_3,0,1,0,3,15,9,6,14,8,20,7,10,12,2,11,13,0,18,17,5,0,4,16,19
932_1,9,10,0,12,0,2,8,0,17,6,16,15,13,11,20,14,7,5,18,3,1,0,19,4
932_2,8,14,3,12,0,15,10,13,11,18,16,5,0,2,17,1,19,0,0,7,6,4,9,20
932_3,0,1,0,16,12,17,3,4,7,13,10,20,15,2,11,5,0,18,14,9,0,8,19,6
933_1,13,7,0,6,0,1,18,0,9,11,5,15,3,4,10,0,16,12,0,17,2,0,8,14
933_2,18,0,17,6,0,15,7,3,4,0,5,12,0,1,9,2,8,0,0,16,11,14,13,10
933_3,0,2,0,5,6,9,17,14,16,3,7,10,15,1,4,12,0,0,0,13,0,18,8,11
934_2,14,0,6,11,0,0,7,1,9,0,5,10,0,4,0,2,16,0,0,3,13,15,12,8
934_3,0,2,0,5,11,0,6,15,3,1,7,8,0,4,9,10,0,0,0,12,0,14,16,13
936_1,7,8,0,18,0,3,5,0,13,6,1,19,9,12,14,11,15,16,17,2,10,0,20,4
936_2,5,11,2,18,0,19,8,9,12,17,1,16,0,3,13,10,20,0,0,15,6,4,7,14
936_3,0,10,0,1,18,13,2,4,15,9,8,14,19,3,12,16,0,17,11,7,0,5,20,6
937_1,5,3,0,18,0,4,10,0,16,7,6,19,9,14,15,17,2,8,0,13,1,0,12,11
937_2,10,17,13,18,0,19,3,9,14,0,6,8,0,4,16,1,12,0,0,2,7,11,5,15
937_3,0,1,0,6,18,16,13,11,2,9,3,15,19,4,14,8,0,0,17,5,0,10,12,7
938_1,13,5,0,9,0,6,16,0,19,8,2,18,3,12,10,11,20,7,17,14,1,0,15,4
938_2,16,11,14,9,0,18,5,3,12,17,2,7,0,6,19,1,15,0,0,20,8,4,13,10
938_3,0,1,0,2,9,19,14,4,20,3,5,10,18,6,12,7,0,17,11,13,0,16,15,8
939_1,2,10,0,15,0,6,4,0,20,9,1,14,8,11,16,12,17,13,18,3,5,0,19,7
939_2,4,12,3,15,0,14,10,8,11,18,1,13,0,6,20,5,19,0,0,17,9,7,2,16
939_3,0,5,0,1,15,20,3,7,17,8,10,16,14,6,11,13,0,18,12,2,0,4,19,9
93_1,5,6,0,16,0,9,3,0,11,1,7,13,12,15,20,18,14,8,19,4,17,0,10,2
93_3,0,17,0,7,16,11,4,2,14,12,6,20,13,9,15,8,0,19,18,5,0,3,10,1
940_1,19,18,0,11,0,4,16,0,14,8,2,13,20,9,12,10,7,6,17,5,1,0,15,3
940_2,16,10,5,11,0,13,18,20,9,17,2,6,0,4,14,1,15,0,0,7,8,3,19,12
940_3,0,1,0,2,11,14,5,3,7,20,18,12,13,4,9,6,0,17,10,19,0,16,15,8
941_1,4,9,0,18,0,1,16,0,17,13,5,15,12,14,10,0,6,8,0,3,2,0,11,7
941_3,0,2,0,5,18,17,3,7,6,12,9,10,15,1,14,8,0,0,0,4,0,16,11,13
942_1,3,5,0,12,0,4,2,0,8,6,7,14,15,19,9,11,16,17,18,10,1,0,20,13
942_2,2,11,10,12,0,14,5,15,19,18,7,17,0,4,8,1,20,0,0,16,6,13,3,9
942_3,0,1,0,7,12,8,10,13,16,15,5,9,14,4,19,17,0,18,11,3,0,2,20,6
943_1,4,8,0,13,0,1,3,0,6,9,19,14,7,20,17,10,11,12,15,16,2,0,18,5
943_2,3,10,16,13,0,14,8,7,20,15,19,12,0,1,6,2,18,0,0,11,9,5,4,17
943_3,0,2,0,19,13,6,16,5,11,7,8,17,14,1,20,12,0,15,10,4,0,3,18,9
944_1,14,9,0,18,0,1,6,0,10,7,3,12,8,16,13,17,15,11,0,4,2,0,19,5
944_2,6,17,4,18,0,12,9,8,16,0,3,11,0,1,10,2,19,0,0,15,7,5,14,13
944_3,0,2,0,3,18,10,4,5,15,8,9,13,12,1,16,11,0,0,17,14,0,6,19,7
945_2,16,18,3,17,0,7,6,8,19,0,12,15,0,1,14,2,11,0,0,4,5,9,10,13
945_3,0,2,0,12,17,14,3,9,4,8,6,13,7,1,19,15,0,0,18,10,0,16,11,5
948_1,20,9,0,15,19,3,21,0,16,8,1,7,5,10,12,13,11,18,14,2,6,0,4,17
948_2,21,13,2,15,19,7,9,5,10,14,1,18,0,3,16,6,4,0,0,11,8,17,20,12
948_3,0,6,0,1,15,16,2,17,11,5,9,12,7,3,10,18,19,14,13,20,0,21,4,8
949_1,20,3,0,9,0,1,17,0,11,4,16,14,10,5,6,18,8,12,13,2,7,0,19,15
949_2,17,18,2,9,0,14,3,10,5,13,16,12,0,1,11,7,19,0,0,8,4,15,20,6
949_3,0,7,0,16,9,11,2,15,8,10,3,6,14,1,5,12,0,13,18,20,0,17,19,4
94_1,9,5,0,17,0,6,4,0,7,14,1,16,15,10,8,19,11,12,20,3,18,0,13,2
94_2,4,19,3,17,0,16,5,15,10,20,1,12,0,6,7,18,13,0,0,11,14,2,9,8
94_3,0,18,0,1,17,7,3,2,11,15,5,8,16,6,10,12,0,20,19,9,0,4,13,14
950_2,14,6,20,3,15,22,1,7,13,16,8,19,18,2,12,21,11,0,0,4,5,10,17,9
950_3,18,21,0,8,3,12,20,10,4,7,1,9,22,2,13,19,15,16,6,17,0,14,11,5
951_1,10,3,0,6,0,1,17,0,12,14,9,11,4,7,15,16,19,18,0,2,5,0,13,8
951_2,17,16,2,6,0,11,3,4,7,0,9,18,0,1,12,5,13,0,0,19,14,8,10,15
951_3,0,5,0,9,6,12,2,8,19,4,3,15,11,1,7,18,0,0,16,10,0,17,13,14
952_1,13,6,0,2,0,5,17,0,3,1,12,15,4,19,10,18,14,7,20,8,9,0,16,11
952_2,17,18,8,2,0,15,6,4,19,20,12,7,0,5,3,9,16,0,0,14,1,11,13,10
952_3,0,9,0,12,2,3,8,11,14,4,6,10,15,5,19,7,0,20,18,13,0,17,16,1
953_1,11,1,0,22,19,2,15,0,20,5,4,21,13,8,12,6,7,14,17,10,3,18,16,9
953_2,15,6,10,22,19,21,1,13,8,17,4,14,18,2,20,3,16,0,0,7,5,9,11,12
953_3,18,3,0,4,22,20,10,9,7,13,1,12,21,2,8,14,19,17,6,11,0,15,16,5
954_1,13,4,0,14,17,10,20,0,3,9,1,22,7,8,11,16,12,15,18,5,2,21,19,6
954_2,20,16,5,14,17,22,4,7,8,18,1,15,21,10,3,2,19,0,0,12,9,6,13,11
954_3,21,2,0,1,14,3,5,6,12,7,4,11,22,10,8,15,17,18,16,13,0,20,19,9
955_1,17,2,0,8,16,1,21,0,7,14,3,13,6,12,15,18,5,11,19,4,10,22,20,9
955_2,21,18,4,8,16,13,2,6,12,19,3,11,22,1,7,10,20,0,0,5,14,9,17,15
955_3,22,10,0,3,8,7,4,9,5,6,2,15,13,1,12,11,16,19,18,17,0,21,20,14
956_1,18,6,0,22,12,5,15,0,7,4,8,19,21,14,2,10,11,13,16,3,1,20,17,9
956_3,20,1,0,8,22,7,3,9,11,21,6,2,19,5,14,13,12,16,10,18,0,15,17,4
957_3,19,1,0,11,15,3,5,6,10,12,4,17,21,2,9,13,20,18,7,14,0,16,22,8
958_1,12,3,0,20,17,2,18,0,4,10,5,15,19,6,8,7,13,11,16,14,1,21,22,9
958_2,18,7,14,20,17,15,3,19,6,16,5,11,21,2,4,1,22,0,0,13,10,9,12,8
958_3,21,1,0,5,20,4,14,9,13,19,3,8,15,2,6,11,17,16,7,12,0,18,22,10
959_1,18,3,0,15,19,4,12,0,2,8,5,17,10,11,9,13,16,20,14,6,1,22,21,7
959_2,12,13,6,15,19,17,3,10,11,14,5,20,22,4,2,1,21,0,0,16,8,7,18,9
959_3,22,1,0,5,15,2,6,7,16,10,3,9,17,4,11,20,19,14,13,18,0,12,21,8
95_1,13,7,0,12,0,2,9,0,16,3,1,17,14,5,8,19,11,10,0,4,15,0,18,6
960_1,11,3,0,14,13,1,10,0,16,2,19,18,4,12,20,7,8,5,9,21,15,0,17,6
960_2,10,7,21,14,13,18,3,4,12,9,19,5,0,1,16,15,17,0,0,8,2,6,11,20
960_3,0,15,0,19,14,16,21,6,8,4,3,20,18,1,12,5,13,9,7,11,0,10,17,2
961_1,20,5,0,15,12,1,18,0,11,10,2,16,8,9,22,14,7,13,17,3,6,21,19,4
961_2,18,14,3,15,12,16,5,8,9,17,2,13,21,1,11,6,19,0,0,7,10,4,20,22
961_3,21,6,0,2,15,11,3,4,7,8,5,22,16,1,9,13,12,17,14,20,0,18,19,10
962_1,10,15,0,8,0,1,11,0,7,2,20,19,9,5,14,16,13,12,17,4,3,0,18,6
962_3,0,3,0,20,8,7,4,6,13,9,15,14,19,1,5,12,0,17,16,10,0,11,18,2
963_1,8,21,0,13,10,17,18,0,16,3,9,11,19,12,6,14,2,7,15,4,1,0,5,20
963_2,18,14,4,13,10,11,21,19,12,15,9,7,0,17,16,1,5,0,0,2,3,20,8,6
963_3,0,1,0,9,13,16,4,20,2,19,21,6,11,17,12,7,10,15,14,8,0,18,5,3
964_1,10,5,0,11,21,1,18,0,2,6,4,19,14,15,22,12,3,9,16,7,8,20,17,13
964_3,20,8,0,4,11,2,7,13,3,14,5,22,19,1,15,9,21,16,12,10,0,18,17,6
965_1,10,2,0,12,20,3,16,0,5,21,6,19,7,9,11,8,17,15,14,4,1,18,13,22
965_2,16,8,4,12,20,19,2,7,9,14,6,15,18,3,5,1,13,0,0,17,21,22,10,11
965_3,18,1,0,6,12,5,4,22,17,7,2,11,19,3,9,15,20,14,8,10,0,16,13,21
966_1,15,6,0,18,17,2,13,0,3,4,8,16,7,12,14,11,10,20,19,5,1,0,21,9
966_2,13,11,5,18,17,16,6,7,12,19,8,20,0,2,3,1,21,0,0,10,4,9,15,14
966_3,0,1,0,8,18,3,5,9,10,7,6,14,16,2,12,20,17,19,11,15,0,13,21,4
967_2,13,15,3,19,21,14,11,12,9,18,5,7,0,2,20,1,4,0,0,6,8,17,10,16
967_3,0,1,0,5,19,20,3,17,6,12,11,16,14,2,9,7,21,18,15,10,0,13,4,8
968_1,16,4,0,13,21,2,22,0,19,7,5,14,9,8,12,20,6,15,11,3,1,17,18,10
968_2,22,20,3,13,21,14,4,9,8,11,5,15,17,2,19,1,18,0,0,6,7,10,16,12
968_3,17,1,0,5,13,19,3,10,6,9,4,12,14,2,8,15,21,11,20,16,0,22,18,7
969_1,10,19,0,8,0,11,5,0,16,20,12,13,2,4,7,14,3,9,17,6,1,0,15,18
969_2,5,14,6,8,0,13,19,2,4,17,12,9,0,11,16,1,15,0,0,3,20,18,10,7
969_3,0,1,0,12,8,16,6,18,3,2,19,7,13,11,4,9,0,17,14,10,0,5,15,20
96_1,1,5,0,8,0,3,10,0,16,6,7,17,18,2,9,0,14,13,0,4,11,0,12,15
96_2,10,0,4,8,0,17,5,18,2,0,7,13,0,3,16,11,12,0,0,14,6,15,1,9
970_1,6,12,0,18,0,8,7,0,16,4,11,14,2,5,15,17,3,10,0,9,1,0,19,13
970_2,7,17,9,18,0,14,12,2,5,0,11,10,0,8,16,1,19,0,0,3,4,13,6,15
970_3,0,1,0,11,18,16,9,13,3,2,12,15,14,8,5,10,0,0,17,6,0,7,19,4
971_1,18,16,0,11,0,15,4,0,17,5,8,10,2,7,9,14,1,13,0,6,3,0,12,19
971_3,0,3,0,8,11,17,6,19,1,2,16,9,10,15,7,13,0,0,14,18,0,4,12,5
972_1,5,17,0,16,0,3,14,0,15,11,7,0,10,6,8,0,13,1,0,2,4,0,9,12
972_2,14,0,2,16,0,0,17,10,6,0,7,1,0,3,15,4,9,0,0,13,11,12,5,8
972_3,0,4,0,7,16,15,2,12,13,10,17,8,0,3,6,1,0,0,0,5,0,14,9,11
973_1,15,17,0,14,0,11,9,0,16,3,5,6,10,18,7,13,8,4,0,1,2,0,12,19
973_2,9,13,1,14,0,6,17,10,18,0,5,4,0,11,16,2,12,0,0,8,3,19,15,7
973_3,0,2,0,5,14,16,1,19,8,10,17,7,6,11,18,4,0,0,13,15,0,9,12,3
974_1,11,9,0,6,0,1,4,0,19,5,10,13,2,14,8,15,3,7,17,20,12,0,16,18
974_2,4,15,20,6,0,13,9,2,14,17,10,7,0,1,19,12,16,0,0,3,5,18,11,8
974_3,0,12,0,10,6,19,20,18,3,2,9,8,13,1,14,7,0,17,15,11,0,4,16,5
975_1,16,10,0,18,0,12,14,0,8,3,7,15,17,6,9,0,13,5,0,4,1,0,11,2
975_3,0,1,0,7,18,8,4,2,13,17,10,9,15,12,6,5,0,0,0,16,0,14,11,3
976_1,12,11,0,19,0,18,4,0,13,9,10,16,2,5,14,7,20,3,8,6,1,0,17,15
976_3,0,1,0,10,19,13,6,15,20,2,11,14,16,18,5,3,0,8,7,12,0,4,17,9
977_1,18,13,0,12,0,19,9,0,14,3,15,8,2,5,4,11,1,6,0,10,7,0,17,16
977_2,9,11,10,12,0,8,13,2,5,0,15,6,0,19,14,7,17,0,0,1,3,16,18,4
977_3,0,7,0,15,12,14,10,16,1,2,13,4,8,19,5,6,0,0,11,18,0,9,17,3
978_1,18,13,0,17,0,16,3,0,6,14,5,12,4,2,11,0,7,8,0,10,1,0,9,15
978_2,3,0,10,17,0,12,13,4,2,0,5,8,0,16,6,1,9,0,0,7,14,15,18,11
979_1,17,14,0,11,0,7,6,0,9,3,19,10,16,2,12,15,13,8,0,1,5,0,18,4
979_2,6,15,1,11,0,10,14,16,2,0,19,8,0,7,9,5,18,0,0,13,3,4,17,12
979_3,0,5,0,19,11,9,1,4,13,16,14,12,10,7,2,8,0,0,15,17,0,6,18,3
97_1,1,7,0,13,0,3,4,0,9,2,16,17,15,6,18,14,12,19,0,11,10,0,8,5
97_2,4,14,11,13,0,17,7,15,6,0,16,19,0,3,9,10,8,0,0,12,2,5,1,18
97_3,0,10,0,16,13,9,11,5,12,15,7,18,17,3,6,19,0,0,14,1,0,4,8,2
980_2,5,9,14,16,0,18,10,2,4,15,7,11,0,8,20,1,13,0,0,3,6,19,17,12
981_2,8,2,7,13,0,16,10,6,5,3,12,9,0,17,20,1,19,0,0,4,15,14,11,18
982_1,9,16,0,7,0,12,17,0,13,10,2,0,3,14,4,0,11,5,0,15,1,0,8,6
982_2,17,0,15,7,0,0,16,3,14,0,2,5,0,12,13,1,8,0,0,11,10,6,9,4
982_3,0,1,0,2,7,13,15,6,11,3,16,4,0,12,14,5,0,0,0,9,0,17,8,10
983_1,2,18,0,17,0,11,14,0,7,3,6,8,19,9,12,16,10,4,0,13,1,0,5,15
983_2,14,16,13,17,0,8,18,19,9,0,6,4,0,11,7,1,5,0,0,10,3,15,2,12
983_3,0,1,0,6,17,7,13,15,10,19,18,12,8,11,9,4,0,0,16,2,0,14,5,3
984_1,16,10,0,19,0,17,14,0,4,5,9,11,3,15,13,12,6,7,0,8,1,0,18,2
984_2,14,12,8,19,0,11,10,3,15,0,9,7,0,17,4,1,18,0,0,6,5,2,16,13
984_3,0,1,0,9,19,4,8,2,6,3,10,13,11,17,15,7,0,0,12,16,0,14,18,5
985_1,11,18,0,8,0,7,13,0,17,4,16,5,1,6,12,15,3,10,20,9,2,0,19,14
985_2,13,15,9,8,0,5,18,1,6,20,16,10,0,7,17,2,19,0,0,3,4,14,11,12
985_3,0,2,0,16,8,17,9,14,3,1,18,12,5,7,6,10,0,20,15,11,0,13,19,4
986_1,14,12,0,17,0,16,5,0,3,11,4,10,8,9,15,19,2,6,18,7,20,0,13,1
986_2,5,19,7,17,0,10,12,8,9,18,4,6,0,16,3,20,13,0,0,2,11,1,14,15
986_3,0,20,0,4,17,3,7,1,2,8,12,15,10,16,9,6,0,18,19,14,0,5,13,11
987_1,4,11,0,13,0,5,14,0,12,17,8,0,1,3,15,0,2,7,0,6,16,0,10,9
987_3,0,16,0,8,13,12,6,9,2,1,11,15,0,5,3,7,0,0,0,4,0,14,10,17
988_1,19,20,0,17,0,11,12,0,9,4,7,13,3,5,14,16,1,8,18,10,2,0,15,6
988_2,12,16,10,17,0,13,20,3,5,18,7,8,0,11,9,2,15,0,0,1,4,6,19,14
988_3,0,2,0,7,17,9,10,6,1,3,20,14,13,11,5,8,0,18,16,19,0,12,15,4
989_2,11,18,3,13,0,20,16,6,2,19,12,8,0,10,17,1,14,0,0,4,15,9,5,7
989_3,0,1,0,12,13,17,3,9,4,6,16,7,20,10,2,8,0,19,18,5,0,11,14,15
98_2,16,0,4,8,0,0,7,10,5,0,9,6,0,3,0,12,13,0,0,1,15,14,2,11
98_3,0,12,0,9,8,0,4,14,1,10,7,11,0,3,5,6,0,0,0,2,0,16,13,15
990_1,11,14,0,7,0,9,18,0,5,2,20,12,16,3,8,17,6,4,19,1,10,0,15,13
990_2,18,17,1,7,0,12,14,16,3,19,20,4,0,9,5,10,15,0,0,6,2,13,11,8
991_1,3,20,0,13,0,11,16,0,19,2,14,17,9,4,7,18,10,6,15,1,5,0,12,8
991_3,0,5,0,14,13,19,1,8,10,9,20,7,17,11,4,6,0,15,18,3,0,16,12,2
992_1,5,18,0,8,0,16,13,0,15,3,9,12,14,6,10,0,17,4,0,1,2,0,11,7
992_3,0,2,0,9,8,15,1,7,17,14,18,10,12,16,6,4,0,0,0,5,0,13,11,3
993_1,14,8,0,15,0,11,12,0,17,16,3,0,13,4,6,0,5,7,0,2,1,0,9,10
993_2,12,0,2,15,0,0,8,13,4,0,3,7,0,11,17,1,9,0,0,5,16,10,14,6
994_3,0,3,0,9,6,10,2,8,19,20,17,11,15,7,4,1,0,12,14,18,0,13,16,5
995_1,3,17,0,7,0,14,18,0,11,2,10,13,16,6,8,0,12,5,0,1,4,0,15,9
995_2,18,0,1,7,0,13,17,16,6,0,10,5,0,14,11,4,15,0,0,12,2,9,3,8
995_3,0,4,0,10,7,11,1,9,12,16,17,8,13,14,6,5,0,0,0,3,0,18,15,2
996_1,2,11,0,14,0,16,12,0,6,18,9,15,8,7,10,0,5,4,0,17,1,0,13,3
996_2,12,0,17,14,0,15,11,8,7,0,9,4,0,16,6,1,13,0,0,5,18,3,2,10
997_1,3,16,0,10,0,19,20,0,15,2,13,18,6,4,9,14,7,5,17,8,1,0,11,12
997_2,20,14,8,10,0,18,16,6,4,17,13,5,0,19,15,1,11,0,0,7,2,12,3,9
997_3,0,1,0,13,10,15,8,12,7,6,16,9,18,19,4,5,0,17,14,3,0,20,11,2
998_1,3,14,0,8,0,11,15,0,12,2,19,20,13,4,6,7,10,5,16,1,17,0,18,9
998_2,15,7,1,8,0,20,14,13,4,16,19,5,0,11,12,17,18,0,0,10,2,9,3,6
998_3,0,17,0,19,8,12,1,9,10,13,14,6,20,11,4,5,0,16,7,3,0,15,18,2
999_1,4,15,0,12,0,11,20,0,18,2,8,17,7,3,6,10,5,19,14,1,13,0,16,9
999_2,20,10,1,12,0,17,15,7,3,14,8,19,0,11,18,13,16,0,0,5,2,9,4,6
99_1,2,9,0,12,0,1,13,0,15,4,3,18,14,7,5,19,16,10,11,8,17,0,20,6
99_2,13,19,8,12,0,18,9,14,7,11,3,10,0,1,15,17,20,0,0,16,4,6,2,5
99_3,0,17,0,3,12,15,8,6,16,14,9,5,18,1,7,10,0,11,19,2,0,13,20,4
9_1,4,15,0,2,0,12,8,0,6,10,17,14,3,9,19,1,18,7,13,11,20,0,5,16
9_2,8,1,11,2,0,14,15,3,9,13,17,7,0,12,6,20,5,0,0,18,10,16,4,19
